Track URI,Track Name,Album Name,Artist Name(s),Release Date,Duration (ms),Popularity,Explicit,Added By,Added At,Genres,Record Label,Danceability,Energy,Key,Loudness,Mode,Speechiness,Acousticness,Instrumentalness,Liveness,Valence,Tempo,Time Signature
spotify:track:1ZFH8eV5Dh8E6N8bipV8vT,"Où je vais","Où je vais","Amel Bent",2009-12-04,270213,50,false,ta8hnikdhdctwuvkj2nl9itix,2023-08-24T12:04:38Z,"r&b français,pop française,variété française,chanson","Jive Epic",0.624,0.571,5,-5.556,0,0.0618,0.723,0,0.0665,0.313,90.047,4
spotify:track:4hElE1DmCfpoFVjczvfB5U,"Le bilan","Le Bilan","Nèg' Marrons",2000-03-27,263533,64,false,ta8hnikdhdctwuvkj2nl9itix,2023-08-24T12:04:38Z,"rap français,r&b français,ragga","S.M.A.L.L.",0.723,0.767,6,-6.316,0,0.298,0.181,0,0.0599,0.927,169.059,4
spotify:track:4Dd8r3d1Tu2mvvjn2Vj4Sg,"Un monde parfait","Un monde parfait","Ilona Mitrecey",2005-01-01,187399,45,false,ta8hnikdhdctwuvkj2nl9itix,2023-08-24T12:04:38Z,"pop française","Universal Music Division Polydor France",0.749,0.92,4,-5.034,0,0.0355,0.0535,0,0.305,0.978,129.981,4
spotify:track:0KBwGCY9RYD9t2zjeW4h48,"Djomb - Bien ou quoi","Synkinisi","Bosh",2020-05-29,141893,55,true,ta8hnikdhdctwuvkj2nl9itix,2023-08-24T12:04:38Z,"rap français,pop urbaine,r&b français","Arista France",0.945,0.676,1,-6.6,1,0.207,0.172,0.00036,0.322,0.631,123.109,4
spotify:track:6N8bfaDYWJb7yyqdBcf0s8,"Les cactus","Et moi, et moi, et moi","Jacques Dutronc",1966-06-30,162440,42,false,ta8hnikdhdctwuvkj2nl9itix,2023-08-24T12:04:38Z,"chanson,variété française,pop française,house française","Vogue",0.56,0.812,4,-6.711,1,0.0411,0.0223,0.00153,0.0224,0.919,123.934,4
spotify:track:6Q2emXXZy652fNKkSSfNht,"La Rua Madureira","Nino Ferrer","Nino Ferrer",2004-01-01,203146,48,false,ta8hnikdhdctwuvkj2nl9itix,2023-08-24T12:04:38Z,"variété française,chanson,pop française,house française","Universal Music Division Barclay",0.532,0.5,7,-8.696,1,0.0685,0.491,0.00142,0.156,0.505,122.854,5
spotify:track:3nYFDd5TLhBkj3bJtqqK5X,"C'est bon pour le moral","Vive le Douanier Rousseau","La Compagnie Créole",1983-01-01,259293,40,false,ta8hnikdhdctwuvkj2nl9itix,2023-08-24T12:04:38Z,"zouk,variété française,chanson,chanson québécoise","Zagora",0.674,0.95,11,-7.473,1,0.0627,0.321,0.000003,0.414,0.956,114.358,4
spotify:track:0OljlDQRMwcBUFW6nPN1MY,"Lucy","L'album","Alliage",2016-08-05,240453,0,false,ta8hnikdhdctwuvkj2nl9itix,2023-08-24T12:04:38Z,"europop","Universal Music Distribution Deal",0.519,0.59,7,-9.298,0,0.0347,0.00861,0,0.108,0.499,164.053,4
spotify:track:38AQOQqEZEGkUtjK9IuHCW,"Je serai là","Teri Moïse (Edition Deluxe)","Teri Moïse",1996,275933,46,false,ta8hnikdhdctwuvkj2nl9itix,2023-08-24T12:04:38Z,"r&b français,variété française,chanson,pop française","Parlophone (France)",0.468,0.241,4,-10.355,1,0.03,0.768,0,0.0767,0.343,89.796,4
spotify:track:2lFO4LKJPmsiYzqEQn3Gt6,"Les filles adorent","PZK","PZK",2009-10-16,184106,49,false,ta8hnikdhdctwuvkj2nl9itix,2023-08-24T12:04:38Z,"","Up Music/WM France",0.819,0.777,9,-4.221,1,0.0385,0.279,0,0.18,0.549,127.946,4
spotify:track:423Lqrleljmw1TVm6tNnFh,"Rien qu'une fois","Là où le vent me mène","Keen' V",2015-10-23,195897,54,false,ta8hnikdhdctwuvkj2nl9itix,2023-08-24T12:04:38Z,"variété française,pop française,chanson","Warner (France)",0.656,0.727,8,-5.618,1,0.0914,0.573,0,0.124,0.461,90.035,4
spotify:track:4tnPvwaN0aFPgqEV86NLJK,"Le temps des cathédrales - Extrait du spectacle «Notre Dame de Paris 1998» (Live)","Notre Dame de Paris - Live au Palais des Congrés 1998","Bruno Pelletier",1998-11-21,202733,45,false,ta8hnikdhdctwuvkj2nl9itix,2023-08-24T12:04:38Z,"chanson québécoise,variété française,chanson,rock québécois","Onze-Pomme Music",0.464,0.434,0,-9.159,0,0.0418,0.549,0,0.693,0.211,73.41,3
spotify:track:2QSAj76Ba6aMFX9RlXdUdO,"J'ai demandé à la lune","Paradize","Indochine",2002-02-28,209413,63,false,ta8hnikdhdctwuvkj2nl9itix,2023-08-24T12:04:38Z,"variété française,chanson,pop française","Indochine Records",0.712,0.632,6,-9.017,0,0.0237,0.233,0.224,0.246,0.619,109.999,4
spotify:track:5lIOhDGfy2lQJWWwxBm8L4,"Quelqu'un m'a dit","Quelqu'un m'a dit","Carla Bruni",2002-11-05,168626,60,false,ta8hnikdhdctwuvkj2nl9itix,2023-08-24T12:04:38Z,"jazz français,chanson","Universal Music Division Barclay",0.611,0.428,10,-10.723,1,0.0474,0.834,0.00517,0.113,0.389,133.281,3
spotify:track:6qlpXtA29VcxCNgLWR5IWx,"Pour que tu m'aimes encore","D'Eux","Céline Dion",1995-03-27,254093,67,false,ta8hnikdhdctwuvkj2nl9itix,2023-08-24T12:04:38Z,"variété française","Columbia",0.537,0.602,2,-8.937,1,0.07,0.326,0.000115,0.0548,0.509,180.077,4
spotify:track:1jO4l4FhDK46ccYxBlSf4h,"Antisocial","Antisocial - Le Meilleur Des Années CBS","TRUST",2004-09-13,309453,50,false,ta8hnikdhdctwuvkj2nl9itix,2023-08-24T12:04:38Z,"","Sony Music Media",0.445,0.853,0,-9.037,1,0.0625,0.13,0.00000747,0.134,0.527,90.376,4
spotify:track:0LZ90308GB1Tp05STjabeC,"Gravé dans la roche","Gravé dans la roche","SNIPER",2003-05-19,285893,63,false,ta8hnikdhdctwuvkj2nl9itix,2023-08-24T12:04:38Z,"rap français,r&b français","Desh Musique",0.806,0.745,10,-5.292,0,0.151,0.225,0,0.0765,0.916,94.03,4
spotify:track:0zti3ngibwJFUDvKBcFSyS,"Chanter pour ceux qui sont loin de chez eux","Persévérance","Lââm",1999-05-21,261239,41,false,ta8hnikdhdctwuvkj2nl9itix,2023-08-24T12:04:38Z,"r&b français,variété française,pop française,chanson","Bad Boyz Company",0.681,0.874,9,-5.26,0,0.0818,0.00963,0.000215,0.389,0.536,89.98,4
spotify:track:6ninjFrpTv2rmMfrNFTRq7,"La montagne","La montagne 1964","Jean Ferrat",1964,185093,53,false,ta8hnikdhdctwuvkj2nl9itix,2023-08-24T12:04:38Z,"chanson,variété française","Universal Music Division Barclay",0.464,0.401,7,-7.228,1,0.0301,0.764,0.00000158,0.11,0.502,114.651,4
spotify:track:205HNJ73cgpC0LAOnuQiWT,"Bande organisée","Bande organisée","Kofs;Soso Maness;Elams;Jul;SCH;Naps;Solda;Houari;13 Organisé",2020-08-15,356346,65,true,ta8hnikdhdctwuvkj2nl9itix,2023-08-24T12:04:38Z,"rap français,pop urbaine","Rien 100 Rien",0.901,0.939,6,-2.762,1,0.274,0.117,0,0.0643,0.805,142.948,4
spotify:track:7ljux6L94K33WbEM8mKGrf,"Et maintenant","Gilbert Becaud (1963-1964) [2011 Remastered] [Deluxe version]","Gilbert Bécaud",1964,225680,53,false,ta8hnikdhdctwuvkj2nl9itix,2023-08-24T12:04:38Z,"chanson,variété française","New Release Catalog",0.385,0.501,5,-7.245,1,0.0531,0.719,0.0000183,0.0826,0.527,125.52,4
spotify:track:5px3ShFMjwhidOFVVc0Z4R,"À bicyclette","La Bicyclette","Yves Montand",1997-01-01,162800,43,false,ta8hnikdhdctwuvkj2nl9itix,2023-08-24T12:04:38Z,"chanson,jazz français,variété française","Universal Music Division Mercury Records",0.435,0.239,5,-16.52,0,0.0578,0.906,0.0000376,0.109,0.517,73.393,4
spotify:track:7qx03NsIL42jM03zFphnRO,"Corps","Noir","Yseult",2019-10-18,313184,62,false,ta8hnikdhdctwuvkj2nl9itix,2023-08-24T12:04:38Z,"r&b français","naïve/Y.Y.Y",0.505,0.209,5,-11.72,0,0.0392,0.937,0.0006,0.102,0.135,77.755,1
spotify:track:4EucYViqJKQ4lCECHnec1P,"San Francisco","Mon Frère","Maxime Le Forestier",1972,165560,55,false,ta8hnikdhdctwuvkj2nl9itix,2023-08-24T12:04:38Z,"variété française,chanson,house française,pop française","Universal Music Division Label Panthéon",0.593,0.169,1,-15.481,1,0.0525,0.713,0,0.128,0.453,126.136,1
spotify:track:4ifM8vo1hvdAWoF6Mn0PMn,"Un amour de vacances","Un amour de vacances","Christophe Rippert",1993-04-04,210333,32,false,ta8hnikdhdctwuvkj2nl9itix,2023-08-24T12:04:38Z,"variété française","AB Productions",0.714,0.617,9,-11.031,0,0.0282,0.207,0.000575,0.119,0.682,112.029,4
spotify:track:2THUeP0bmT7Vgm58ZnsChY,"Fruit de la passion","Mon fest' of","Francky Vincent",2009-07-10,238307,54,true,ta8hnikdhdctwuvkj2nl9itix,2023-08-24T12:04:38Z,"zouk","Fullmoon",0.81,0.937,2,-5.26,1,0.048,0.178,0.000486,0.294,0.926,101.991,4
spotify:track:0cV7Y3WH3iwsZTjibVyck1,"Mirza","Nino Ferrer","Nino Ferrer",2004-01-01,144040,43,false,ta8hnikdhdctwuvkj2nl9itix,2023-08-24T12:04:38Z,"variété française,chanson,pop française,house française","Universal Music Division Barclay",0.649,0.845,5,-3.635,0,0.0571,0.372,0,0.142,0.755,140.534,4
spotify:track:6H4TH5ntp7KzYePysRBcuT,"Je fais de toi mon essentiel (feat. Anne-Laure Girbal)","Je fais de toi mon essentiel","Le Roi Soleil;Emmanuel Moire;Anne-Laure Girbal",2005-05-03,198106,59,false,ta8hnikdhdctwuvkj2nl9itix,2023-08-24T12:04:38Z,"variété française,chanson,comédies musicales,pop française","Warner (France)",0.528,0.585,4,-7.921,1,0.0255,0.188,0,0.184,0.517,148.093,3
spotify:track:7DvDkxLvsvpjGXAtF1yWJH,"Destinée","Les sous-doués en vacances (Bande originale du film de Claude Zidi)","Vladimir Cosma;Guy Marchand",2014-12-31,279533,46,false,ta8hnikdhdctwuvkj2nl9itix,2023-08-24T12:04:38Z,"variété française,tango,chanson","Larghetto",0.569,0.731,4,-8.382,0,0.0388,0.178,0.00000228,0.302,0.675,119.786,4
spotify:track:0Ps6ZlfiyTzynslEr352B0,"J'aimerais tellement","Vous Remercier","Jena Lee",2009-01-01,232666,53,false,ta8hnikdhdctwuvkj2nl9itix,2023-08-24T12:04:38Z,"r&b français,variété française","Universal Music Division Mercury Records",0.593,0.711,7,-6.253,0,0.0991,0.337,0,0.204,0.246,145.91,4
spotify:track:5malKsHoNFj6KKcEzQrovt,"Rockollection","Florilège","Laurent Voulzy",2020-12-04,247440,54,false,ta8hnikdhdctwuvkj2nl9itix,2023-08-24T12:04:38Z,"variété française,chanson,pop française,house française","Columbia",0.757,0.857,0,-3.399,1,0.0542,0.17,0,0.314,0.791,129.474,4
spotify:track:7GzFUAGK2htn9iuSZLL4wf,"J'ai déconné","Premier étage","KeBlack",2017-01-27,216360,55,false,ta8hnikdhdctwuvkj2nl9itix,2023-08-24T12:04:38Z,"pop urbaine,r&b français,rap français","Mukongo Business",0.857,0.643,7,-7.014,0,0.149,0.0762,0,0.288,0.648,106.037,4
spotify:track:2yMjd1tNsDO58lYI0HPbVE,"Façon Sex","Façon Sex","Tribal King",2006-07-15,213000,45,false,ta8hnikdhdctwuvkj2nl9itix,2023-08-24T12:04:38Z,"r&b français","USM",0.767,0.843,8,-3.694,1,0.0678,0.0356,0.000146,0.0715,0.938,119.99,4
spotify:track:1CdKHa1LjmlKRANkuA4N0W,"Sur la tête de ma mère","Effet miroir","L'Algérino",2010-03-29,232568,47,false,ta8hnikdhdctwuvkj2nl9itix,2023-08-24T12:04:38Z,"raï,rap français,pop urbaine","Sixonine",0.78,0.728,10,-5.375,0,0.177,0.4,0,0.247,0.944,79.909,4
spotify:track:24TR2zIl6vPZ3RgAoF3pfH,"La Suite","La Suite","1995",2012-01-01,299266,41,false,ta8hnikdhdctwuvkj2nl9itix,2023-08-24T12:04:38Z,"rap français","Universal Music Division Carthage Music",0.648,0.859,7,-4.998,1,0.234,0.0857,0,0.147,0.535,96.845,4
spotify:track:3moelwvWkm8rliDyjywgA1,"Les voisines","Repenti","Renan Luce",2006-01-01,215813,52,false,ta8hnikdhdctwuvkj2nl9itix,2023-08-24T12:04:38Z,"variété française,chanson,pop française,house française","Universal Music Division Barclay",0.855,0.743,1,-6.95,0,0.0407,0.139,0.00000513,0.0719,0.89,127.031,4
spotify:track:0NVZyMTuIbzuENpsmQH3pR,"Au Nom De La Rose - Extended","Le Crabe Est Erotique","Moos",1999-01-01,268866,47,false,ta8hnikdhdctwuvkj2nl9itix,2023-08-24T12:04:38Z,"variété française,r&b français","Universal Music Division Capitol Music France",0.698,0.53,9,-9.163,0,0.031,0.0644,0,0.0504,0.641,100.006,4
spotify:track:5oDHtv5XcJzLeXR7mjp86f,"Lola","Wow","Superbus",2006,178226,54,false,ta8hnikdhdctwuvkj2nl9itix,2023-08-24T12:04:38Z,"variété française,pop française","Universal Music Division Label Panthéon",0.628,0.869,11,-4.043,0,0.0353,0.00637,0,0.705,0.846,123.928,4
spotify:track:2rbOfMNGeAJ46REyCtxqDf,"Alter ego","comme un accord","Jean-Louis Aubert",2001-11-04,226160,57,false,ta8hnikdhdctwuvkj2nl9itix,2023-08-24T12:04:38Z,"variété française,chanson,pop française,house française","Parlophone (France)",0.539,0.431,7,-7.387,1,0.0263,0.607,0.269,0.0856,0.154,119.832,3
spotify:track:6rqUOLt9dpfMANLMKTzoWj,"Le temps de l'amour - Stereo Mix","Tous les garçons et les filles","Françoise Hardy",1962-06-30,144826,63,false,ta8hnikdhdctwuvkj2nl9itix,2023-08-24T12:04:38Z,"chanson,pop française,variété française,jazz français","Vogue",0.586,0.412,8,-10.116,0,0.0334,0.798,0,0.152,0.706,132.199,4
spotify:track:77qA7VUqdhaAmq1YLznI0I,"Chacun sa route","Chacun sa route","KOD",1994-12-14,181346,48,false,ta8hnikdhdctwuvkj2nl9itix,2023-08-24T12:04:38Z,"variété française","Parlophone (France)",0.761,0.779,7,-7.792,1,0.223,0.0626,0,0.256,0.884,166.951,4
spotify:track:0FHJcPgK7UBMUa6hdHLW6m,"Parce que c'est toi","Toujours moi","Axelle Red",1999-03-21,245973,52,false,ta8hnikdhdctwuvkj2nl9itix,2023-08-24T12:04:38Z,"variété française,chanson,pop française","Music and Roses",0.508,0.27,11,-12.335,1,0.0365,0.533,0.299,0.33,0.094,102.244,4
spotify:track:2eDvflMCe9ssOkUJrxqikB,"Thé à la menthe","Peines de Maures / Arc-en-ciel pour daltoniens","La Caution",2005-10-17,224146,56,false,ta8hnikdhdctwuvkj2nl9itix,2023-08-24T12:04:38Z,"","Maison Closed / Kerozen Patrimoine",0.648,0.88,8,-3.295,0,0.204,0.00781,0,0.0618,0.959,99.029,4
spotify:track:4avt9wdU3AuLGSu4GFTsu0,"C'est l'amour (Version originale)","C'est l'amour","Léopold Nord & Vous",2007-03-02,204600,0,false,ta8hnikdhdctwuvkj2nl9itix,2023-08-24T12:04:38Z,"variété française,chanson","AMC",0.791,0.797,9,-5.534,0,0.0443,0.2,0.00018,0.082,0.96,118.593,4
spotify:track:260V7huyJrXnyYe0dFv2Fa,"Canopée","Caravelle","Polo & Pan",2017-05-19,276293,65,false,ta8hnikdhdctwuvkj2nl9itix,2023-08-24T12:04:38Z,"pop française indie,house française","Universal Music Division Virgin Records Distribution Deal",0.704,0.692,5,-6.558,0,0.0304,0.0942,0.0109,0.0922,0.369,96.005,4
spotify:track:4JhUljpTRmzjzlXGXNpt76,"Vertige de l'amour","Pizza","Alain Bashung",1981,196440,52,false,ta8hnikdhdctwuvkj2nl9itix,2023-08-24T12:04:38Z,"chanson,variété française,pop française,house française","Universal Music Division Barclay",0.75,0.537,4,-10.271,1,0.0277,0.216,0.43,0.135,0.776,112.264,4
spotify:track:0BuWeg4wFfIeTjqtFh46A1,"Toutes les nuits","Toutes les nuits","Colonel Reyel",2011,204566,49,false,ta8hnikdhdctwuvkj2nl9itix,2023-08-24T12:04:38Z,"","Step Out Productions",0.69,0.831,10,-5.566,1,0.03,0.0682,0,0.158,0.784,94.999,4
spotify:track:4XxsxKcIdc16s6FwS6A09A,"Une femme avec une femme","Descanso Dominical / Une Femme Avec Une Femme","Mecano",1988-05-24,246053,0,false,ta8hnikdhdctwuvkj2nl9itix,2023-08-24T12:04:38Z,"rock en español,pop latino","BMG Rights Management and Administration (Spain) S.L.U",0.47,0.3,5,-14.771,1,0.0395,0.847,0.00000556,0.114,0.156,145.22,4
spotify:track:1kAl7tpw3oKnK1seYQ9PIh,"Au café des délices","Juste avant","Patrick Bruel",1999-10-19,283546,47,false,ta8hnikdhdctwuvkj2nl9itix,2023-08-24T12:04:38Z,"variété française,chanson,pop française","RCA Records Label",0.36,0.5,0,-8.813,1,0.0835,0.722,0.00000121,0.202,0.358,171.029,3
spotify:track:5AjA6G0HZYzrgE3b6SGJgG,"T'es OK, T'es Bath, T'es In - Version single","T'es OK, t'es bath, t'es In","Ottawan",1980-01-01,202400,53,false,ta8hnikdhdctwuvkj2nl9itix,2023-08-24T12:04:38Z,"disco","Zagora",0.795,0.853,0,-5.75,0,0.0765,0.257,0.00000457,0.0803,0.898,124.699,4
spotify:track:66TAAKeoOD0cFpVRug9IXZ,"Demain","2069'","PLK",2023-04-13,183013,64,true,ta8hnikdhdctwuvkj2nl9itix,2023-08-24T12:04:38Z,"rap français,pop urbaine","Panenka Music",0.726,0.675,1,-8.251,1,0.16,0.272,0,0.121,0.846,137.954,4
spotify:track:6NuxUCjplFUCkfFvE10dUB,"La madrague","Master Serie 2CD","Brigitte Bardot",1999-01-01,154493,0,false,ta8hnikdhdctwuvkj2nl9itix,2023-08-24T12:04:38Z,"jazz français,pop française,chanson,variété française","Universal Music Division Mercury Records",0.485,0.242,7,-14.884,1,0.0446,0.856,0.000311,0.148,0.687,114.295,4
spotify:track:6xs2iOXaBfCeVKeyfo2VNE,"Mon vieux","Mon Vieux","Daniel Guichard",2000-01-01,210466,56,false,ta8hnikdhdctwuvkj2nl9itix,2023-08-24T12:04:38Z,"variété française,chanson","Universal Music Division Barclay",0.334,0.447,0,-13.931,1,0.0403,0.494,0.00192,0.0772,0.263,104.115,4
spotify:track:2z8el4xS0qX5ujGeNuq3g7,"Assis par terre","La Saison des Amours","Louisy Joseph",2008-04-14,215560,38,false,ta8hnikdhdctwuvkj2nl9itix,2023-08-24T12:04:38Z,"variété française,zouk","Warner (France)",0.712,0.732,1,-7.468,1,0.0961,0.0846,0,0.216,0.776,102.025,4
spotify:track:7nWMVmzfodNQ5Ezj29yJ3S,"Le coup de folie","Le coup de folie","Thierry Pastor",1982-01-01,217135,56,false,ta8hnikdhdctwuvkj2nl9itix,2023-08-24T12:04:38Z,"variété française","Wagram Music",0.739,0.63,0,-6.508,1,0.0543,0.402,0,0.572,0.773,119.513,4
spotify:track:5wwcuzze9fCy8rgVd1Sb9t,"Aimons-Nous Vivants","François Valéry 1987 - 1991","François Valéry",2008-11-24,235226,51,false,ta8hnikdhdctwuvkj2nl9itix,2023-08-24T12:04:38Z,"variété française,chanson,pop française","MC REY",0.681,0.813,5,-11.683,0,0.0353,0.501,0.066,0.0566,0.881,103.331,4
spotify:track:3xPNasHy69FFGxyxYApJPS,"Laisse moi t'aimer","20eme anniversaire","Mike Brant",1995-03-22,203093,51,false,ta8hnikdhdctwuvkj2nl9itix,2023-08-24T12:04:38Z,"variété française,chanson","Parlophone (France)",0.422,0.392,1,-8.577,1,0.0278,0.676,0,0.13,0.315,83.788,3
spotify:track:0XrmPFVFpZy9ty4Rx6CG6f,"Cœur de loup","Best of Philippe Lafontaine (Le meilleur des années 80)","Philippe Lafontaine",1989,223312,50,false,ta8hnikdhdctwuvkj2nl9itix,2023-08-24T12:04:38Z,"variété française,chanson,chanson québécoise","Musiques & Solutions",0.796,0.557,11,-7.426,0,0.183,0.272,0,0.211,0.898,94.568,4
spotify:track:2kpMWpv55TIIQD9wUkKmmW,"Tu veux ou tu veux pas ? - Nouvelle version 2007","Tu veux ou tu veux pas ?","Marcel Zanini",2007,157586,22,false,ta8hnikdhdctwuvkj2nl9itix,2023-08-24T12:04:38Z,"jazz français","Frémeaux & associés",0.761,0.588,5,-8.017,1,0.0509,0.852,0.0000145,0.298,0.889,130.614,4
spotify:track:4xSZWcXvu6w4I3dQyQ7QND,"Paris-Seychelles","LØVE","Julien Doré",2013-10-28,197840,60,false,ta8hnikdhdctwuvkj2nl9itix,2023-08-24T12:04:38Z,"variété française,pop française,chanson,house française,pop française indie","Columbia",0.685,0.716,4,-7.46,0,0.0309,0.172,0.000186,0.119,0.472,120.001,4
spotify:track:1bxP4M9ICllcg7mel8kH89,"Reine","Gentleman 2.0","Dadju",2017-11-24,199266,69,false,ta8hnikdhdctwuvkj2nl9itix,2023-08-24T12:04:38Z,"r&b français,pop urbaine,rap français,pop française","Universal Music Division Capitol Music France",0.399,0.395,2,-10.782,1,0.0593,0.76,0,0.0815,0.704,98.174,4
spotify:track:1ulV7wgYNWhulcnMrgwOuG,"Il avait les mots","Sheryfa Luna","Sheryfa Luna",2007-01-01,227026,65,false,ta8hnikdhdctwuvkj2nl9itix,2023-08-24T12:04:38Z,"r&b français,variété française","Universal Music Division Capitol Music France",0.621,0.703,1,-6.54,1,0.0378,0.218,0,0.0737,0.62,85.964,4
spotify:track:22OZbdiOvRdocdyafcGAgI,"C'est beau la bourgeoisie - Radio Edit","C'est beau la bourgeoisie (Radio Edit)","Discobitch",2008-08-18,211186,60,false,ta8hnikdhdctwuvkj2nl9itix,2023-08-24T12:04:38Z,"","Sony Music Media",0.624,0.806,10,-6.404,1,0.0671,0.117,0,0.451,0.643,127.962,4
spotify:track:2s87dcsw2KjuhDnVqJ98Cu,"Le métèque","Le métèque","Georges Moustaki",1969-01-01,153317,51,false,ta8hnikdhdctwuvkj2nl9itix,2023-08-24T12:04:38Z,"chanson,variété française","Universal Music Division Label Panthéon",0.519,0.376,9,-9.321,1,0.0375,0.688,0.00000272,0.153,0.65,97.563,4
spotify:track:1BuTtiJY2pwKLY8aSa0Rvn,"Hexagone","Amoureux De Paname","Renaud",1975,332213,48,false,ta8hnikdhdctwuvkj2nl9itix,2023-08-24T12:04:38Z,"variété française,chanson,pop française,house française","Universal Music Division Label Panthéon",0.516,0.717,2,-7.297,1,0.0547,0.379,0,0.291,0.666,125.183,4
spotify:track:6oQQRaaNEWF31jCA9UulK6,"Dis, quand reviendras-tu?","Les 50 Plus Belles Chansons De Barbara","Barbara",2012-01-01,173800,41,false,ta8hnikdhdctwuvkj2nl9itix,2023-08-24T12:04:38Z,"chanson,variété française","Universal Music Division Mercury Records",0.391,0.306,5,-8.353,0,0.0411,0.8,0,0.116,0.255,86.722,4
spotify:track:1xsRqL4cvEaOQ5TbXpqaAV,"Ton invitation","Louise Attaque","Louise Attaque",1997-04-22,159866,61,false,ta8hnikdhdctwuvkj2nl9itix,2023-08-24T12:04:38Z,"variété française,chanson,pop française,house française","Universal Music Division Barclay",0.458,0.581,6,-7.835,0,0.0666,0.151,0.0000014,0.282,0.629,98.403,4
spotify:track:1ue54Yyh1O9kMbxEGmuyXo,"Une autre histoire","Ailleurs pour un ailleurs...","Gérard Blanc",1988-11-09,271728,63,false,ta8hnikdhdctwuvkj2nl9itix,2023-08-24T12:04:38Z,"variété française,chanson","Wagram Music",0.668,0.704,9,-9.307,0,0.0332,0.174,0.00000611,0.0866,0.137,112.982,4
spotify:track:5kOqtnFQUu1GefBicHSHLS,"Mon pays","Mundial Corrida","Faudel",2006-09-12,224600,44,false,ta8hnikdhdctwuvkj2nl9itix,2023-08-24T12:04:38Z,"raï","Universal Music Division Mercury Records",0.81,0.603,10,-6.477,0,0.0404,0.262,0,0.143,0.623,112.031,4
spotify:track:2YrrqkKoOZJuJNEfDc3CP2,"J'ai encore rêvé d'elle","Il était une fois","Il Etait Une Fois",2012-03-28,220586,46,false,ta8hnikdhdctwuvkj2nl9itix,2023-08-24T12:04:38Z,"variété française,chanson","Parlophone (France)",0.435,0.366,1,-8.009,1,0.0286,0.486,0.00124,0.112,0.204,94.714,4
spotify:track:3JiUOcDug32xeuECY92vgq,"Tu t'en vas","Triple Best Of","Alain Barrière;Noëlle Cordier",2010-11-08,262079,34,false,ta8hnikdhdctwuvkj2nl9itix,2023-08-24T12:04:38Z,"chanson,variété française","SME Strategic Marketing Group",0.595,0.653,7,-6.905,1,0.0266,0.454,0.00000146,0.113,0.466,96.737,4
spotify:track:05xLOpipHWbGG0CboVVrXy,"Ancrée à ton port","Vous les hommes","Fanny J",2007-01-01,246960,62,false,ta8hnikdhdctwuvkj2nl9itix,2023-08-24T12:04:38Z,"zouk,kompa,shatta,kizomba","Section Zouk",0.569,0.839,7,-5.36,1,0.0418,0.385,0.000228,0.25,0.381,163.94,4
spotify:track:1YqHug87ndn6HN6D00Smuw,"Cassé","Nolwenn Leroy","Nolwenn Leroy",2003-05-05,270733,41,false,ta8hnikdhdctwuvkj2nl9itix,2023-08-24T12:04:38Z,"variété française,musique celtique,chanson,pop française","Universal Music Division Label Panthéon",0.472,0.539,9,-5.443,1,0.0284,0.127,0,0.085,0.305,145.712,4
spotify:track:16FTTvpIgihyei3EBNw1jd,"Jolie (feat. Ninho)","La Gaule, Vol.1","GAULOIS;Ninho",2023-01-13,159444,53,true,ta8hnikdhdctwuvkj2nl9itix,2023-08-24T12:04:38Z,"rap français,r&b français,pop urbaine","La G Corp / Tiens Tiens Retiens",0.717,0.686,1,-6.388,0,0.0483,0.141,0,0.208,0.653,134.067,4
spotify:track:2xwpd8oRBZiEmCdRvhnzTl,"Ma biche","Les Annees Barclay","Frank Alamo",1993-01-01,141000,35,false,ta8hnikdhdctwuvkj2nl9itix,2023-08-24T12:04:38Z,"chanson,variété française,pop française","Universal Music Division Barclay",0.671,0.727,9,-9.418,0,0.0378,0.0782,0,0.325,0.925,134.491,4
spotify:track:5FmknnkNLdiGeDndWfuxON,"Voyage en Italie","Lilicub","Lilicub",1996-01-01,235466,47,false,ta8hnikdhdctwuvkj2nl9itix,2023-08-24T12:04:38Z,"variété française,chanson,pop française","Universal Music Division Mercury Records",0.73,0.507,9,-11.961,0,0.0308,0.362,0.000368,0.0682,0.699,135.025,4
spotify:track:2mT0YKSgM8ie4Irf0gkuPA,"A fleur de toi","A Fleur De Toi","Vitaa",2007,261093,61,false,ta8hnikdhdctwuvkj2nl9itix,2023-08-24T12:04:38Z,"r&b français,pop française,variété française,chanson","Universal Music Division Island Def Jam",0.554,0.783,5,-6.08,0,0.109,0.491,0,0.121,0.39,125.959,4
spotify:track:0C9qil6cXEEJ8AzrMUEHv6,"Confessions Nocturnes","Dans Ma Bulle","Diam's;Vitaa",2006-02-03,360120,63,false,ta8hnikdhdctwuvkj2nl9itix,2023-08-24T12:04:38Z,"r&b français,rap français,pop française,variété française,chanson","Parlophone (France)",0.53,0.878,0,-6.604,0,0.879,0.492,0,0.306,0.354,75.128,4
spotify:track:6KGHsN5QI0qunsADx3e51i,"C’est la vie","C'Est La Vie","Khaled",2012-01-01,230146,64,false,ta8hnikdhdctwuvkj2nl9itix,2023-08-24T12:04:38Z,"raï","Universal Music Division Capitol Music France",0.623,0.915,3,-5.349,1,0.0413,0.0167,0,0.361,0.838,129.961,4
spotify:track:6PJSivydXfVpPlJ0eocefx,"Femme que j'aime","Appelle Moi Brando","Jean-Luc Lahaye",2003-01-01,223626,55,false,ta8hnikdhdctwuvkj2nl9itix,2023-08-24T12:04:38Z,"variété française,chanson","Universal Music Division Mercury Records",0.743,0.724,2,-9.277,1,0.026,0.03,0.0000616,0.0977,0.83,118.151,4
spotify:track:5uKJiHdlDBz53cM1qZd0yB,"Baby","Baby","Aya Nakamura",2023-01-12,162373,51,false,ta8hnikdhdctwuvkj2nl9itix,2023-08-24T12:04:38Z,"r&b français,pop urbaine","Rec. 118",0.841,0.466,0,-8.386,1,0.203,0.065,0,0.0898,0.744,110.056,4
spotify:track:7eJdx83TiKsVqAzLFBelMO,"Manhattan-Kaboul","Boucan d'enfer","Renaud;Axelle Red",2002-05-28,230866,63,false,ta8hnikdhdctwuvkj2nl9itix,2023-08-24T12:04:38Z,"variété française,chanson,pop française,house française","Parlophone (France)",0.758,0.618,0,-9.419,1,0.0257,0.0298,0.00000655,0.101,0.679,105.214,4
spotify:track:1mR2KQy1rN55wbCr0rfAqN,"Armstrong","Sa Majesté Le Jazz","Claude Nougaro",2009-01-01,197106,47,false,ta8hnikdhdctwuvkj2nl9itix,2023-08-24T12:04:38Z,"chanson,variété française,jazz français,pop française,house française","Universal Music Division Mercury Records",0.487,0.303,2,-6.826,0,0.0379,0.678,0,0.347,0.332,97.837,4
spotify:track:5CsO52MwxKrkgEMYBueBKB,"La danse des canards - Original Radio Edit 1980","La danse des canards (Original Radio Edit 1980)","Jj Lionel",1980,162066,44,false,ta8hnikdhdctwuvkj2nl9itix,2023-08-24T12:04:38Z,"","250 bis music",0.578,0.797,5,-6.303,1,0.133,0.534,0,0.0542,0.972,184.387,4
spotify:track:0hUMKXGkWnvv7VP25otgMM,"Le lion est mort ce soir","Regagner Les Plaines","Pow Wow",1992-01-01,178133,52,false,ta8hnikdhdctwuvkj2nl9itix,2023-08-24T12:04:38Z,"variété française,chanson","Universal Music Division Mercury Records",0.553,0.487,7,-11.497,1,0.0517,0.462,0,0.274,0.445,123.144,4
spotify:track:2n5pxfXa9atiFBwsexG5sF,"Les filles de mon pays","Enfants de tous pays","Enrico Macias",1967,151453,43,false,ta8hnikdhdctwuvkj2nl9itix,2023-08-24T12:04:38Z,"chanson,variété française","Parlophone (France)",0.643,0.679,0,-6.482,1,0.0355,0.832,0,0.0896,0.954,126.296,4
spotify:track:2cK1DW6Od3BylERFN6QHqx,"Nouveau western","Nouveau western","MC Solaar",1994,274026,39,false,ta8hnikdhdctwuvkj2nl9itix,2023-08-24T12:04:38Z,"rap français,r&b français","Universal Music Distribution Deal",0.675,0.81,0,-6.102,0,0.0972,0.00301,0.0211,0.123,0.619,99.033,4
spotify:track:6lBCjH1gpm5sk9KBll9akT,"Mon amour","Multitude","Stromae",2022-03-03,172106,48,true,ta8hnikdhdctwuvkj2nl9itix,2023-08-24T12:04:38Z,"pop française","Universal Music Division Carthage Music",0.476,0.609,11,-8.869,1,0.309,0.386,0,0.0891,0.887,172.384,4
spotify:track:2UtoiQC20KmUEEyW4gg5eo,"Flamme - Radio Edit","Florilège","Slaï",2004-03-31,217413,54,false,ta8hnikdhdctwuvkj2nl9itix,2023-08-24T12:04:38Z,"zouk,kompa,kizomba,r&b français,shatta","Sony Music Media",0.726,0.676,6,-8.224,1,0.134,0.102,0.00211,0.151,0.773,174.053,4
spotify:track:0cYX51Hneb8qIOx0tHm7ng,"Aïcha - Version Mixte","Sahra","Khaled",1996-01-01,259600,59,false,ta8hnikdhdctwuvkj2nl9itix,2023-08-24T12:04:38Z,"raï","Universal Music Division Capitol Music France",0.592,0.66,7,-8.028,0,0.158,0.233,0.00000694,0.0918,0.495,170.143,4
spotify:track:5gdM1wTSYyRus22N6jXeFF,"Premier Gaou - Original Radio Edit","Premier Gaou, The Remixes","Magic System;Bob Sinclar",2002-01-01,206320,49,false,ta8hnikdhdctwuvkj2nl9itix,2023-08-24T12:04:38Z,"coupé décalé,afro house,house française,disco house","Showbox International",0.863,0.909,7,-5.985,0,0.0813,0.161,0,0.108,0.845,119.038,4
spotify:track:1r9o3HnWB2mm7WyC6wQWNA,"BLIZZARD","BLIZZARD","Fauve",2013-12-20,292093,0,false,ta8hnikdhdctwuvkj2nl9itix,2023-08-24T12:04:38Z,"pop française indie,house française,pop française,variété française","FAUVE CORP",0.6,0.871,0,-5.148,1,0.0997,0.166,0.0000296,0.0629,0.271,94.882,4
spotify:track:0x8GIrcAO8msuslNoTKIXM,"Savoir aimer","Savoir Aimer","Florent Pagny",1997-01-01,281213,59,false,ta8hnikdhdctwuvkj2nl9itix,2023-08-24T12:04:38Z,"variété française,chanson,pop française","Universal Music Division Capitol Music France",0.537,0.391,6,-8.282,0,0.0264,0.214,0.00122,0.0765,0.114,138.142,4
spotify:track:5In3pvQJM6E1ckhsZS4vzM,"Viens boire un p'tit coup à la maison","Génération Top 50 spécial chanson française","Licence IV",2021-04-30,208044,16,false,ta8hnikdhdctwuvkj2nl9itix,2023-08-24T12:04:38Z,"","Wagram Music",0.707,0.945,1,-4.521,1,0.0322,0.0549,0,0.158,0.929,130.622,4
spotify:track:4O1JvKJX1rRjrtZUSoWrkr,"Sur la route","la derniere annee","De Palmas",1994,221666,50,false,ta8hnikdhdctwuvkj2nl9itix,2023-08-24T12:04:38Z,"variété française,chanson,pop française","Parlophone (France)",0.833,0.428,4,-14.629,1,0.0479,0.638,0.014,0.118,0.751,110.019,4
spotify:track:5ofzziyodcinKtsUghFLHK,"Comme un garçon","Comme un garçon","Sylvie Vartan",1965-10-17,196573,0,false,ta8hnikdhdctwuvkj2nl9itix,2023-08-24T12:04:38Z,"pop française,chanson,variété française","BMG Rights Mgmt France SARL",0.751,0.449,7,-11.551,0,0.0381,0.494,0,0.309,0.865,115.069,4
spotify:track:6J8iEzFAr5Y3rlUWwCgvA0,"Les valses de Vienne","Une Presence","François Feldman",1989-01-01,245626,53,false,ta8hnikdhdctwuvkj2nl9itix,2023-08-24T12:04:38Z,"variété française,chanson,pop française","Universal Music Division Mercury Records",0.562,0.406,0,-16.447,0,0.0416,0.159,0.00000925,0.0941,0.489,163.829,3
spotify:track:42SUjSOr2tsUmOIlYBX04Z,"Marly-Gomont","Psychostar World","Kamini",2015-08-24,308013,49,false,ta8hnikdhdctwuvkj2nl9itix,2023-08-24T12:04:38Z,"variété française","Deeciprod Inc.",0.868,0.509,6,-6.642,0,0.0836,0.0274,0.0000207,0.0551,0.838,104.02,4
spotify:track:0VKxd6VnCZMv5uQCdC7qXf,"Le chanteur","Le chanteur (Remastered)","Daniel Balavoine",1978-06-01,234112,62,false,ta8hnikdhdctwuvkj2nl9itix,2023-08-24T12:04:38Z,"variété française,chanson,house française,pop française","Universal Music Division Barclay",0.571,0.603,9,-10.436,1,0.0327,0.458,0.00000958,0.644,0.671,124.769,4
spotify:track:1A3jtKS9NSvfOSOXSd9esh,"Mon Etoile","Notre Etoile","Linkup",2003-01-01,206133,38,false,ta8hnikdhdctwuvkj2nl9itix,2023-08-24T12:04:38Z,"r&b français,variété française","Universal Music Division Mercury Records",0.482,0.468,11,-7.648,1,0.0329,0.404,0,0.114,0.217,149.496,3
spotify:track:4fCSHMOM78vd8P8fDidXCP,"Mourir sur scène","LES NUMEROS UN DE DALIDA","Dalida",2018-11-30,207373,20,false,ta8hnikdhdctwuvkj2nl9itix,2023-08-24T12:04:38Z,"variété française,chanson","Universal Music Division Barclay",0.663,0.727,6,-6.386,0,0.0505,0.259,0,0.0948,0.821,125.555,4
spotify:track:5qcSLeAHIEQTtzGOSjYI9u,"Aller Plus Haut","In Deep","Tina Arena",1997,303493,51,false,ta8hnikdhdctwuvkj2nl9itix,2023-08-24T12:04:38Z,"variété française","Columbia",0.36,0.521,2,-6.716,0,0.0293,0.529,0.0015,0.146,0.0655,83.725,4
spotify:track:7dISpxgINJOQSuXUTEfB9x,"Secret","Sentiments","Louane",2022-12-09,191173,62,false,ta8hnikdhdctwuvkj2nl9itix,2023-08-24T12:04:38Z,"pop française,chanson,variété française","Universal Music Division Island Def Jam",0.645,0.272,5,-8.44,0,0.0596,0.905,0,0.114,0.19,149.535,4
spotify:track:7tYLyoMAzQDrcCTUE3b6bS,"J'aime plus Paris","Comme Un Manouche Sans Guitare","Thomas Dutronc",2007-01-01,184880,37,false,ta8hnikdhdctwuvkj2nl9itix,2023-08-24T12:04:38Z,"jazz français,chanson,variété française,pop française","Universal Music Division Barclay",0.652,0.61,2,-7.472,0,0.0589,0.508,0,0.263,0.524,93.923,4
spotify:track:6N6uTt8e1vLLgIZK5FgSYh,"Le paradis blanc - Remasterisé en 2002","Ça ne tient pas debout (Remasterisé en 2002)","Michel Berger",1990-05-07,396493,58,false,ta8hnikdhdctwuvkj2nl9itix,2023-08-24T12:04:38Z,"variété française,chanson,house française,pop française","Warner (France)",0.651,0.505,10,-11.318,0,0.0308,0.535,0.0915,0.355,0.555,139.938,4
spotify:track:4LWVPTpGzQjKtwYmmx7Hbd,"Lady Mélody","Better Days","Tom Frager",2009-09-01,191659,57,false,ta8hnikdhdctwuvkj2nl9itix,2023-08-24T12:04:38Z,"variété française","AZ",0.662,0.708,9,-5.251,1,0.0389,0.532,0,0.118,0.647,170.031,4
spotify:track:2ZQVJD9I6GCqXmkmMuEoLa,"Le vent nous portera","Des visages des figures","Noir Désir",2001-01-01,288693,62,false,ta8hnikdhdctwuvkj2nl9itix,2023-08-24T12:04:38Z,"variété française,chanson,pop française,house française","Universal Music Division Barclay",0.669,0.702,4,-10.616,0,0.0582,0.713,0.0408,0.119,0.793,105.232,4
spotify:track:5LYRIyhmlrDAQsYdHEvP0f,"Mona Lisa","ULTRA","Booba;JSX",2021-03-04,187362,59,true,ta8hnikdhdctwuvkj2nl9itix,2023-08-24T12:04:38Z,"rap français,r&b français,pop urbaine","Universal Music Distribution Deal",0.784,0.529,11,-7.681,0,0.0742,0.683,0,0.118,0.246,134.041,4
spotify:track:1CXcTLzJ3b2KJylbsbF0cE,"La mauvaise réputation","Georges Brassens chante les chansons poétiques (et souvent gaillardes) N°1","Georges Brassens",1952,132213,50,false,ta8hnikdhdctwuvkj2nl9itix,2023-08-24T12:04:38Z,"chanson,variété française,house française","Universal Music Division Mercury Records",0.679,0.171,11,-16.175,0,0.276,0.964,0.00000522,0.106,0.77,122.228,4
spotify:track:1vDZ0RR8xoJpgV031S5n45,"La dernière valse","Une vie d'amour (Best Of)","Mireille Mathieu",2014-10-06,187613,30,false,ta8hnikdhdctwuvkj2nl9itix,2023-08-24T12:04:38Z,"schlager,chanson","Sony Music Catalog",0.495,0.42,10,-7.649,1,0.0259,0.701,0.000011,0.0789,0.381,106.046,3
spotify:track:6OZwia8loN0aPS0vTvsBjR,"TOUT VA BIEN (feat. Ninho & Naps)","QUARTIERS NORD","Alonzo;Ninho;Naps",2022-05-20,192960,60,true,ta8hnikdhdctwuvkj2nl9itix,2023-08-24T12:04:38Z,"rap français,pop urbaine,r&b français","ONLY PRO",0.66,0.72,3,-5.874,0,0.0753,0.301,0,0.226,0.628,99.937,4
spotify:track:0ZRnvyA5MxbgTCfWRw3YU4,"Le tourbillon","Le tourbillon de ma vie (Best Of 2017)","Jeanne Moreau",2017-10-13,126960,37,false,ta8hnikdhdctwuvkj2nl9itix,2023-08-24T12:04:38Z,"jazz français,chanson,variété française,pop française","Jacques Canetti Productions",0.669,0.293,3,-8.99,1,0.0826,0.846,0,0.174,0.565,100.677,4
spotify:track:6qfjUmIxPluNISxBgJfvM3,"Confidence pour confidence - Version originale 1981","Abracadabra","Jean Schultheis",1981,286533,58,false,ta8hnikdhdctwuvkj2nl9itix,2023-08-24T12:04:38Z,"variété française,chanson","Flamophone",0.741,0.64,8,-6.965,1,0.035,0.255,0.0000156,0.0413,0.524,112.266,4
spotify:track:4hFPJKIKvgKpGlL3HvYecV,"Pas de boogie woogie","Sur La Route De Memphis","Eddy Mitchell",1976,221666,49,false,ta8hnikdhdctwuvkj2nl9itix,2023-08-24T12:04:38Z,"variété française,chanson,pop française,house française","Universal Music Division Barclay",0.526,0.843,5,-8.294,0,0.0701,0.336,0.000104,0.36,0.727,87.913,4
spotify:track:3a9TMd2Yrza6HXqqlfMtfy,"Est-ce que tu m'aimes ? - Pilule bleue","Mon coeur avait raison","GIMS",2015-08-28,237093,79,false,ta8hnikdhdctwuvkj2nl9itix,2023-08-24T12:04:38Z,"rap français,r&b français,pop française,pop urbaine","Jive Epic",0.779,0.852,2,-3.353,1,0.0651,0.235,0,0.212,0.601,119.892,4
spotify:track:3yndKI4zWEyC36BQYrdKBA,"Hit Sale","Hit Sale","Therapie TAXI;Roméo Elvis",2018-02-02,184400,64,false,ta8hnikdhdctwuvkj2nl9itix,2023-08-24T12:04:38Z,"pop française,pop française indie,house française,variété française,rap français","Panenka Music",0.573,0.784,9,-5.224,1,0.0591,0.141,0,0.0844,0.69,82.009,4
spotify:track:4NG4Ugserf2ocBe4eqKPli,"Chanson des jumelles - From ""Les demoiselles de Rochefort""","Les demoiselles de Rochefort (Bande originale du film)","Anne Germain;Claude Parent",1967-03-08,235981,37,false,ta8hnikdhdctwuvkj2nl9itix,2023-08-24T12:04:38Z,"","Universal Music Division Decca Records France",0.474,0.634,0,-7.624,0,0.0779,0.52,0,0.338,0.754,121.337,4
spotify:track:3RwN7Odj2iLRIGY7gxhZJD,"Big bisous","Cristal collection","Carlos",1993-05-14,240442,37,false,ta8hnikdhdctwuvkj2nl9itix,2023-08-24T12:04:38Z,"chanson,variété française","Universal Music Division Polydor France",0.721,0.821,1,-8.48,1,0.045,0.271,0.0000937,0.132,0.763,123.754,4
spotify:track:05KDO9Q9RZqd8jNUHqhFJJ,"Ma meilleure","Drôle de parcours","La Fouine;Zaho",2013-02-04,305053,57,false,ta8hnikdhdctwuvkj2nl9itix,2023-08-24T12:04:38Z,"rap français,r&b français,pop française,pop urbaine,variété française","Jive Epic",0.7,0.822,8,-3.897,1,0.0597,0.352,0,0.101,0.72,86.01,4
spotify:track:6GGTIbx1HkiJybU8yaRqZX,"C'est moi","Baby Boy","C. Jérôme",2000-01-01,172373,46,false,ta8hnikdhdctwuvkj2nl9itix,2023-08-24T12:04:38Z,"chanson,variété française","Universal Music Division Mercury Records",0.458,0.636,6,-9.802,1,0.047,0.192,0,0.172,0.686,121.755,4
spotify:track:1PA1LTNLAJrbJPWPxEFQvD,"1ère fois","Nos vies","Imen Es;Alonzo",2020-02-16,175746,0,false,ta8hnikdhdctwuvkj2nl9itix,2023-08-24T12:04:38Z,"r&b français,pop urbaine,rap français","Fulgu Prod / Bendo Music / Capitol",0.625,0.596,6,-8.431,0,0.189,0.196,0,0.121,0.78,78.175,4
spotify:track:5RRqqGQPd10kj13zUZ8BMO,"Comme un boomerang","Live 2001","Étienne Daho;Dani",2001,180586,51,false,ta8hnikdhdctwuvkj2nl9itix,2023-08-24T12:04:38Z,"variété française,pop française,chanson,house française","Parlophone (France)",0.664,0.689,6,-9.765,0,0.0382,0.000305,0.93,0.457,0.562,115.966,4
spotify:track:0Mysw4Rzf33PbpEfccKEBB,"Boule de flipper","Toi","Corynne CHARBY",2011-10-31,206973,48,false,ta8hnikdhdctwuvkj2nl9itix,2023-08-24T12:04:38Z,"variété française,chanson,pop française","L.M.L.R.",0.712,0.843,3,-7.641,0,0.028,0.333,0.0152,0.136,0.76,116.823,4
spotify:track:7bL9hDkEJnupgQCbUBhdji,"Mi Amor","Love Songs","Vanessa Paradis",2013-01-01,187066,23,false,ta8hnikdhdctwuvkj2nl9itix,2023-08-24T12:04:38Z,"variété française,chanson,pop française","Universal Music Division Barclay",0.637,0.84,10,-9.347,1,0.0321,0.00863,0.000053,0.236,0.761,128.075,4
spotify:track:5ZhLMUNyZWRjVWwHKDNF6H,"Elle préfère l'amour en mer","Nonchalances","Philippe Lavil",1986-03-21,179333,44,false,ta8hnikdhdctwuvkj2nl9itix,2023-08-24T12:04:38Z,"variété française,chanson,zouk","Ariola",0.716,0.61,5,-14.733,1,0.0418,0.444,0,0.181,0.876,86.947,4
spotify:track:6VZB0ttlqGjpGMAcaomXh9,"Sous le vent","Seul","Garou;Céline Dion",2000-11-06,211293,61,false,ta8hnikdhdctwuvkj2nl9itix,2023-08-24T12:04:38Z,"variété française,chanson,chanson québécoise","Columbia",0.495,0.501,11,-7.511,1,0.0449,0.499,0,0.0973,0.303,140.616,4
spotify:track:3mUCcWgGsK1VtZ3Zebe6u1,"Je viens du Sud","Dis-Moi Que Tu M'Aimes","Chimène Badi",2004-01-01,246573,50,false,ta8hnikdhdctwuvkj2nl9itix,2023-08-24T12:04:38Z,"variété française,chanson,pop française","Universal Music Division Label Panthéon",0.366,0.387,11,-8.849,1,0.0339,0.351,0.00000141,0.113,0.133,80.828,3
spotify:track:5TpIQ1tVlPnm4SHObswUU6,"Chacun fait (c'qui lui plait)","Chacun fait (C'qui lui plait)","Chagrin D'amour",1981-01-01,249280,56,false,ta8hnikdhdctwuvkj2nl9itix,2023-08-24T12:04:38Z,"variété française,chanson,pop française","London Music Stream",0.711,0.804,9,-7.41,0,0.0698,0.145,0,0.3,0.85,113.539,4
spotify:track:70uAATa6l9BHWfAMYFV28u,"Chante","La Megacompil Des Forbans","Les Forbans",1990-01-01,178400,46,false,ta8hnikdhdctwuvkj2nl9itix,2023-08-24T12:04:38Z,"variété française","Universal Music Division Label Panthéon",0.547,0.884,2,-7.388,1,0.208,0.22,0.00000457,0.506,0.813,192.739,4
spotify:track:7Deb4scGmEv4fY2CZcVnSb,"Je ne t'aime plus","Clandestino","Manu Chao",1998-10-06,122760,65,false,ta8hnikdhdctwuvkj2nl9itix,2023-08-24T12:04:38Z,"musique alternative latino","Radio Bemba",0.649,0.438,9,-12.859,0,0.0357,0.911,0.759,0.136,0.932,149.897,4
spotify:track:1RIRDEqgG1ln3NsOP5k78l,"L'air du Vent (Thème Finale)","Pocahontas, Une Légende Indienne (Bande Originale Française du Film)","Native",1995-01-01,255786,27,false,ta8hnikdhdctwuvkj2nl9itix,2023-08-24T12:04:38Z,"r&b français","Walt Disney Records",0.368,0.412,7,-10.718,0,0.0347,0.297,0,0.163,0.166,83.174,4
spotify:track:4AAwQy6zMT18yh73S4CZvU,"Suzette","C'est ça qui est bon","Dany Brillant",1991-11-25,231266,41,false,ta8hnikdhdctwuvkj2nl9itix,2023-08-24T12:04:38Z,"variété française,chanson,cha-cha-cha","Warner (France)",0.685,0.536,9,-7.315,0,0.192,0.09,0,0.11,0.661,104.773,4
spotify:track:0YxdyPaSGBTOo2ebZzIrif,"Nuit magique","Nuit Magique","Catherine Lara",2004-01-01,287800,51,false,ta8hnikdhdctwuvkj2nl9itix,2023-08-24T12:04:38Z,"variété française,chanson,pop française","Universal Music Division Capitol Music France",0.502,0.522,5,-12.417,0,0.0286,0.305,0,0.303,0.513,96.869,4
spotify:track:6zlMAsPgiG81sZzsYVFwL3,"Douce France","Disque D'or","Charles Trenet",1992,192160,52,false,ta8hnikdhdctwuvkj2nl9itix,2023-08-24T12:04:38Z,"chanson,jazz français,variété française","Parlophone (France)",0.581,0.196,8,-17.281,0,0.0452,0.979,0.0103,0.221,0.362,114.399,4
spotify:track:61vUa5Xpm5Gtsk7ZAGPN5N,"Ma Benz (feat. Lord Kossity)","L'intégrale","Suprême NTM;Lord Kossity",1998,247093,47,true,ta8hnikdhdctwuvkj2nl9itix,2023-08-24T12:04:38Z,"rap français,r&b français,ragga,zouk,dancehall","Jive Epic",0.899,0.449,1,-5.501,1,0.37,0.137,0.000089,0.0977,0.608,91.052,4
spotify:track:1OPUGXvJXEWZu6qqBr0VTF,"Désolé pour hier soir","Grain de sable","Tryo",2003-06-02,219960,47,false,ta8hnikdhdctwuvkj2nl9itix,2023-08-24T12:04:38Z,"variété française,chanson,pop française,house française","Tryo",0.81,0.797,10,-5.938,1,0.227,0.236,0,0.0941,0.91,99.048,4
spotify:track:4DyI5W9u1mM3vmXtqWq2wC,"Ouragan","Ouragan","Stephanie",2020-04-16,280840,42,false,ta8hnikdhdctwuvkj2nl9itix,2023-08-24T12:04:38Z,"funk mélodique,bass music de miami,disco italienne,freestyle","OVC Media",0.707,0.75,3,-6.987,0,0.0286,0.53,0.00387,0.148,0.881,117.986,4
spotify:track:3cqLrAhTy0JYcYmGe6Dvje,"Je te promets","Gang","Johnny Hallyday",1986-01-01,275906,63,false,ta8hnikdhdctwuvkj2nl9itix,2023-08-24T12:04:38Z,"variété française,chanson,pop française","Universal Music Division Mercury Records",0.441,0.199,0,-13.448,1,0.0423,0.63,0,0.214,0.131,112.649,4
spotify:track:6VUw1TBkg9QNOzLtP4jmhw,"Toi mon toit - Extended Version","Bom Bom","Elli Medeiros",1987-01-01,383973,26,false,ta8hnikdhdctwuvkj2nl9itix,2023-08-24T12:04:38Z,"pop française,variété française","Universal Music Division Barclay",0.678,0.702,2,-16.453,0,0.0507,0.00507,0.393,0.294,0.854,120.738,4
spotify:track:5klPZRehMLpiKUchPAzKyR,"Un jour je marierai un ange","Regarde-moi","Pierre de Maere",2023-01-27,164567,58,false,ta8hnikdhdctwuvkj2nl9itix,2023-08-24T12:04:38Z,"pop française,variété française,chanson","Wagram Music / Cinq 7",0.621,0.538,7,-10.531,0,0.114,0.276,0,0.112,0.184,85.054,4
spotify:track:4mII9EfvzMukROnehYgqG3,"L'amour à la plage","Encore un dernier baiser","Niagara",1986-01-01,203293,52,false,ta8hnikdhdctwuvkj2nl9itix,2023-08-24T12:04:38Z,"variété française,pop française,chanson,house française","Universal Music Division Label Panthéon",0.656,0.686,11,-11.893,0,0.0315,0.0914,0.0000106,0.147,0.964,119.779,4
spotify:track:2PYXOG6GdxF9sUIH2NfOAD,"Dans l'univers","Les étoiles vagabondes : expansion","Nekfeu;Vanessa Paradis",2019-06-21,244320,64,true,ta8hnikdhdctwuvkj2nl9itix,2023-08-24T12:04:38Z,"rap français,variété française,chanson,pop française","Universal Music Division Carthage Music",0.64,0.419,11,-9.962,1,0.168,0.326,0.000271,0.137,0.202,131.936,4
spotify:track:0UVlOQ3EEiTVOctUOnJ00w,"Voilà","On n’enferme pas les oiseaux","Barbara Pravi",2021-08-27,177426,67,false,ta8hnikdhdctwuvkj2nl9itix,2023-08-24T12:04:38Z,"chanson,pop française","Universal Music Division Virgin Records",0.441,0.35,2,-7.958,0,0.0705,0.789,0,0.231,0.614,135.947,4
spotify:track:7s1ESEBrRX9TUavF59IR0l,"Quand on n'a que l'amour","50 Plus Belles Chansons","Jacques Brel",2013-01-01,147346,43,false,ta8hnikdhdctwuvkj2nl9itix,2023-08-24T12:04:38Z,"chanson,variété française","Universal Music Division Barclay",0.57,0.416,11,-6.043,1,0.0335,0.669,0.000636,0.156,0.597,90.171,4
spotify:track:2UsWuHGtSGi3c7VsdeyQCg,"J'ai deux amours","Musical Moments to Remember: Joséphine Baker, Vol. 1 (2014 Remastered)","Joséphine Baker",2014-11-04,190987,0,false,ta8hnikdhdctwuvkj2nl9itix,2023-08-24T12:04:38Z,"jazz français","Jube Pops",0.304,0.136,4,-11.872,0,0.0522,0.992,0.0000307,0.111,0.26,75.476,4
spotify:track:3E1xf2aDc3eRFt69PrXnaw,"L'avventura","22 titres inoubliables","Stone & Charden",2022-06-03,216800,32,false,ta8hnikdhdctwuvkj2nl9itix,2023-08-24T12:04:38Z,"chanson,variété française","Onze-Pomme Music",0.382,0.837,2,-5.312,1,0.0545,0.19,0,0.182,0.516,141.638,3
spotify:track:245la2fLeLCOpBWDjgE8rj,"La poupée qui fait non","Love Me Please Love Me","Michel Polnareff",1966-01-01,193706,46,false,ta8hnikdhdctwuvkj2nl9itix,2023-08-24T12:04:38Z,"variété française,chanson,pop française,house française","Universal Music Division Barclay",0.506,0.579,9,-7.776,1,0.0292,0.695,0.00825,0.141,0.645,124.941,4
spotify:track:1hSfy2mQ4UGy93eVU4wrKP,"Tout simplement (tout doucement)","Les années 80 en France","Bibie",2021-01-29,251533,40,false,ta8hnikdhdctwuvkj2nl9itix,2023-08-24T12:04:38Z,"variété française,chanson","UME - Global Clearing House",0.608,0.696,2,-5.423,1,0.0378,0.711,0,0.126,0.387,135.803,4
spotify:track:60WiEteADDUQKn62YIrlBx,"Cargo - 2024 Remaster","Cargo - EP (2024 Remaster)","Axel Bauer",1984-01-01,290600,46,false,ta8hnikdhdctwuvkj2nl9itix,2023-08-24T12:04:38Z,"variété française,chanson,pop française,house française","Warner Chappell",0.776,0.842,4,-5.339,0,0.0705,0.367,0.00313,0.153,0.884,99.008,4
spotify:track:0opCUW68IUGN8YrFE5uBru,"Femme d'aujourd'hui - Radio Edit","L'Intégral Cléopâtre La Dernière Reine D'Egypte (Le Nouveau Spectacle Musical De Kamel Ouali)","Sofia Essaïdi",2008-01-01,198826,37,false,ta8hnikdhdctwuvkj2nl9itix,2023-08-24T12:04:38Z,"comédies musicales","Universal Music Division Mercury Records",0.613,0.796,3,-6.564,0,0.0537,0.0132,0,0.217,0.597,90.041,4
spotify:track:5JrEDriz04IUQnTviFEUKQ,"L'effet papillon","Infréquentable","Bénabar",2008-10-10,252506,44,false,ta8hnikdhdctwuvkj2nl9itix,2023-08-24T12:04:38Z,"variété française,chanson,pop française,house française","Jive Epic",0.672,0.668,7,-6.986,1,0.0303,0.55,0,0.0476,0.901,98.323,4
spotify:track:3Dv66cTMtYtWNI6c0vxKjp,"Si j'avais un marteau","Hommages","Claude François",1993-01-01,169133,39,false,ta8hnikdhdctwuvkj2nl9itix,2023-08-24T12:04:38Z,"variété française,chanson","Universal Music Division Mercury Records",0.594,0.827,2,-6.084,1,0.0864,0.321,0,0.193,0.694,89.942,4
spotify:track:0N5CYWRhlWxh2YCAQA2t5r,"Est-ce que tu viens pour les vacances ?","Coeur de gosse","David et Jonathan",1988-01-01,269493,39,false,ta8hnikdhdctwuvkj2nl9itix,2023-08-24T12:04:38Z,"variété française","Onze-Pomme Music",0.688,0.719,8,-9.825,1,0.0274,0.329,0,0.0714,0.612,109.728,4
spotify:track:7LnfG2vR48ENG97rSdlW8V,"La Vie ne m'apprend rien","Acoustique","Liane Foly",1999-01-22,232000,44,false,ta8hnikdhdctwuvkj2nl9itix,2023-08-24T12:04:38Z,"jazz français,variété française,chanson,pop française","Parlophone (France)",0.606,0.334,0,-9.194,0,0.0337,0.689,0,0.121,0.196,76.72,4
spotify:track:1sphiFFp9zrlSLmpFhywRV,"L'horloge tourne","Juste Comme Ça","Mickael Miro",2011,205973,56,false,ta8hnikdhdctwuvkj2nl9itix,2023-08-24T12:04:38Z,"variété française,pop française,chanson","Universal Music Division Mercury Records",0.658,0.664,0,-5.715,0,0.0289,0.61,0,0.0957,0.45,116.017,4
spotify:track:3aCRbqo7hL7BusqYRY9JNm,"Le Temps D'Un Instant","4ème Dimension","Psy 4 De La Rime",2013-01-01,248480,48,false,ta8hnikdhdctwuvkj2nl9itix,2023-08-24T12:04:38Z,"rap français,r&b français","Universal Music Division Island Def Jam",0.489,0.738,3,-4.558,1,0.227,0.108,0,0.129,0.279,83.909,4
spotify:track:3IM7zXywZ6sRTtkRjRLxJ8,"La terre est ronde","Le chant des sirènes","Orelsan",2011-09-26,219865,0,false,ta8hnikdhdctwuvkj2nl9itix,2023-08-24T12:04:38Z,"rap français","Wagram Music / 3ème Bureau / 7th Magnitude",0.634,0.675,7,-7.351,0,0.0926,0.099,0.000314,0.362,0.633,82.183,4
spotify:track:1EDQN7WMV9En0OhQuLBO6P,"Double je - Remix","Inventaire","Christophe Willem",2007-04-16,196160,54,false,ta8hnikdhdctwuvkj2nl9itix,2023-08-24T12:04:38Z,"variété française,pop française,chanson","Vogue",0.905,0.563,3,-6.139,0,0.0435,0.0102,0.000496,0.0835,0.74,120.268,4
spotify:track:1ReUVJkNB6bjwagl1g5YqF,"Liberta","Suivez le flo","Pep's",2001-06-01,224666,49,false,ta8hnikdhdctwuvkj2nl9itix,2023-08-24T12:04:38Z,"variété française,chanson","Suivre le flo",0.727,0.243,1,-10.426,1,0.0575,0.67,0,0.0906,0.395,140.058,4
spotify:track:5H0ZfIuXw3qEXn2E1EasWX,"Sexy pour moi! - Mix 2","Tragédie (Édition Deluxe)","Tragédie",2003-12-01,216493,54,false,ta8hnikdhdctwuvkj2nl9itix,2023-08-24T12:04:38Z,"r&b français","Warner (France)",0.903,0.447,8,-8.622,1,0.102,0.0211,0,0.0707,0.611,105.03,4
spotify:track:5H9PjygodoXzyX45g7Pm6n,"L'envie d'aimer","Les Dix Commandements (L'intégrale)","Les Dix Commandements;Daniel Levi",2023-02-10,388840,61,false,ta8hnikdhdctwuvkj2nl9itix,2023-08-24T12:04:38Z,"variété française,chanson,pop française","Atletico Records",0.412,0.669,11,-7.863,1,0.0341,0.185,0.00000949,0.0935,0.122,134.401,4
spotify:track:73yB2HMz9zu0VcueZ4P1UU,"Longtemps","Addictions (Ultimate Version)","Amir",2017-10-27,219000,57,false,ta8hnikdhdctwuvkj2nl9itix,2023-08-24T12:04:38Z,"pop française,variété française,chanson","Parlophone (France)",0.606,0.456,8,-8.442,1,0.0573,0.683,0,0.115,0.563,98.96,3
spotify:track:3V81xlVfivlP6GHNoe43wh,"Je t'aime un peu trop","L'intégrale (Le duo culte des années 70 en 78 titres)","Shuky & Aviva",2012-11-24,205533,32,false,ta8hnikdhdctwuvkj2nl9itix,2023-08-24T12:04:38Z,"pop néerlandaise,chanson","XIII Bis Music",0.658,0.862,8,-5.512,1,0.0342,0.0626,0,0.0638,0.942,90.209,4
spotify:track:7ycDyrJEPBwzy2uAvtTZyh,"Le Premier jour (Du reste de ta vie)","Le Premier Jour","Étienne Daho",1998,250413,54,false,ta8hnikdhdctwuvkj2nl9itix,2023-08-24T12:04:38Z,"variété française,pop française,chanson,house française","Parlophone (France)",0.549,0.485,4,-10.311,1,0.0263,0.285,0.000224,0.0761,0.459,63.112,4
spotify:track:4r2HwSAerK0TNpqWsJeeH0,"Mets de l'huile !","Regg'Lyss... Mets de l'huile !","Regg'Lyss",1992-09-03,247640,38,false,ta8hnikdhdctwuvkj2nl9itix,2023-08-24T12:04:38Z,"","Wagram Music",0.747,0.543,7,-6.859,0,0.319,0.0866,0.0000718,0.158,0.903,167.448,5
spotify:track:57aI3fTX4GfShIxj3iX7Nf,"Sans toi je suis seul","Reviens mon amour, reviens","Christian Delagrange",1972,224413,0,false,ta8hnikdhdctwuvkj2nl9itix,2023-08-24T12:04:38Z,"chanson,variété française","Silverstar",0.361,0.58,4,-5.665,1,0.0349,0.515,0.00000756,0.457,0.339,132.921,3
spotify:track:2XOxcJrlD0RZ3pGEtel8lH,"Avant de nous dire adieu","Une Américaine à Paris","Jeane Manson",1976-03-07,237626,46,false,ta8hnikdhdctwuvkj2nl9itix,2023-08-24T12:04:38Z,"chanson,variété française,pop française","Versailles",0.462,0.594,4,-8.607,0,0.0318,0.212,0.00000459,0.329,0.557,89.04,4
spotify:track:4UxNT9V52AYVpPzPI7599s,"Emmène-Moi","Emmène-Moi (Deluxe edition)","Allan Theo",2022-12-09,223830,35,false,ta8hnikdhdctwuvkj2nl9itix,2023-08-24T12:04:38Z,"chanson québécoise","Skybird Music",0.643,0.973,10,-7.147,1,0.0324,0.0382,0.0000574,0.318,0.872,135.035,4
spotify:track:3fAOSZc5hTpnXxSO43ymwu,"L'assasymphonie","Mozart l'Opera Rock (standard)","Mozart Opera Rock",2009-04-27,230973,62,false,ta8hnikdhdctwuvkj2nl9itix,2023-08-24T12:04:38Z,"variété française,chanson","Warner (France)",0.508,0.713,1,-5.673,0,0.0392,0.35,0.00000669,0.11,0.21,130.098,4
spotify:track:7BNeFchpHDCWYSUV4hfU89,"L'été indien","Joe Dassin Éternel...","Joe Dassin",2005-08-15,269320,55,false,ta8hnikdhdctwuvkj2nl9itix,2023-08-24T12:04:38Z,"chanson,variété française,pop française","Sony Music Media",0.447,0.602,7,-8.929,0,0.0372,0.167,0.000706,0.168,0.618,120.762,4
spotify:track:12zakSjWxrohomLLgxTkCR,"Chanson sur une drôle de vie","Tout ce qui brille (Bande originale du film)","Géraldine Nakache;Leïla Bekhti",2010-03-22,167333,43,false,ta8hnikdhdctwuvkj2nl9itix,2023-08-24T12:04:38Z,"variété française,chanson","Diese Records",0.745,0.458,8,-14.168,1,0.04,0.768,0,0.0955,0.671,98.039,4
spotify:track:2RSjgW4arutr9Q5Va9ur8U,"Place de la République","Blonde","Cœur De Pirate",2011-11-08,251226,43,false,ta8hnikdhdctwuvkj2nl9itix,2023-08-24T12:04:38Z,"pop française,chanson québécoise,variété française,chanson","Bravo musique",0.575,0.359,7,-8.224,1,0.0283,0.83,0.00000196,0.118,0.183,113.084,4
spotify:track:028I09aqplLUYRJXGLAPNq,"Salade de fruits","Salade de fruits + 29 succès de Bourvil (Chanson française)","Bourvil",1959,195280,41,false,ta8hnikdhdctwuvkj2nl9itix,2023-08-24T12:04:38Z,"chanson,variété française","Ducosphere / Igwt",0.765,0.32,7,-9.214,1,0.0712,0.369,0.00000247,0.129,0.824,116.319,4
spotify:track:6SrpzGCbDVuuJ9ruApUKRQ,"Un roman d'amitié","L'essentiel","Elsa Lunghini;Glenn Medeiros",2010-07-29,264133,37,false,ta8hnikdhdctwuvkj2nl9itix,2023-08-24T12:04:38Z,"variété française,chanson,pop française","GM. Musipro",0.576,0.389,5,-10.077,1,0.028,0.593,0.00000665,0.125,0.248,138.013,4
spotify:track:2ZYjUp1JiVpqdi4sP9EfOL,"Hou la menteuse","Hou ! La menteuse","Dorothée",1982,154840,36,false,ta8hnikdhdctwuvkj2nl9itix,2023-08-24T12:04:38Z,"chanson,variété française","Universal Music Division Polydor France",0.824,0.782,10,-7.899,1,0.0354,0.325,0,0.138,0.964,144.493,4
spotify:track:0DB1tWW1bAnixC5MaWuLHX,"Mamy Blue","Visage","Nicoletta",2001-01-01,232746,51,false,ta8hnikdhdctwuvkj2nl9itix,2023-08-24T12:04:38Z,"variété française,chanson,pop française","Universal Music Division Barclay",0.492,0.512,2,-14.323,0,0.106,0.564,0,0.589,0.495,112.733,4
spotify:track:5uzDx2RClQIxJqTNqJcsAA,"Les gondoles à Venise (avec Ringo)","Juste Comme Ca (Longbox)","Sheila;Ringo",2006-10-30,225133,34,false,ta8hnikdhdctwuvkj2nl9itix,2023-08-24T12:04:38Z,"variété française,disco,chanson,pop française","Warner (France)",0.569,0.647,7,-5.912,1,0.0284,0.675,0,0.187,0.731,126.035,4
spotify:track:3sxOptguVVowIbz3FMp5vF,"Fais-moi une place","Fais-moi une place","Julien Clerc",1990-01-08,216866,53,false,ta8hnikdhdctwuvkj2nl9itix,2023-08-24T12:04:38Z,"chanson,variété française,pop française","Parlophone (France)",0.715,0.455,6,-9.759,1,0.0307,0.283,0.000161,0.105,0.342,114.666,4
spotify:track:4agHyTtI7txejGgCciL6fX,"En chantant","En Chantant","Michel Sardou",2004-01-01,234173,54,false,ta8hnikdhdctwuvkj2nl9itix,2023-08-24T12:04:38Z,"variété française,chanson,pop française","Universal Music Division Mercury Records",0.617,0.312,6,-16.245,0,0.042,0.709,0.00000166,0.156,0.574,121.658,4
spotify:track:3YW3Tw3lLQfuPfklE76F3y,"Je t'aime moi non plus","Jane Birkin & Serge Gainsbourg","Serge Gainsbourg;Jane Birkin",1969-01-01,261613,41,false,ta8hnikdhdctwuvkj2nl9itix,2023-08-24T12:04:38Z,"chanson,variété française,pop française,jazz français,house française","Universal Music Division Mercury Records",0.465,0.419,0,-12.176,1,0.0287,0.406,0.00367,0.165,0.553,82.453,4
spotify:track:6YLqn80B9AoFnUFUBG1JId,"Bye Bye - Refugee Camp Band Remix","Je me souviens","Ménélik",1997,239133,51,false,ta8hnikdhdctwuvkj2nl9itix,2023-08-24T12:04:38Z,"rap français,r&b français","S.M.A.L.L.",0.807,0.535,1,-7.367,0,0.238,0.0356,0,0.338,0.877,96.144,4
spotify:track:51RD98yan4wrm8mQnfN7gd,"Je Vis Pour Elle","Coeur De Verre","Andrea Bocelli;Hélène Ségara",2007-01-01,265160,50,false,ta8hnikdhdctwuvkj2nl9itix,2023-08-24T12:04:38Z,"crossover classique,opéra,variété française,chanson,pop française","Universal Music Division Mercury Records",0.473,0.433,4,-6.928,1,0.0284,0.837,0,0.25,0.223,135.96,4
spotify:track:0PHjhFcDWWtZeQBWC12V4l,"Couleur menthe à l'eau","Happy Birthday","Eddy Mitchell",1980,210093,57,false,ta8hnikdhdctwuvkj2nl9itix,2023-08-24T12:04:38Z,"variété française,chanson,pop française,house française","Universal Music Division Barclay",0.495,0.301,0,-11.082,1,0.0309,0.744,0,0.12,0.286,142.44,4
spotify:track:7F3O4ogouBKl7rBFBOfa1T,"Les bêtises - Version originale 1986","Les bêtises (Version originale 1986)","Sabine Paturel",1985-03-01,186400,0,false,ta8hnikdhdctwuvkj2nl9itix,2023-08-24T12:04:38Z,"variété française,chanson","Emma productions",0.754,0.616,9,-8.475,0,0.0378,0.461,0,0.172,0.645,117.823,4
spotify:track:5nJ9ZVmCBVgAQjuuX0EhYK,"Team BS","Team BS","Team BS",2014-02-24,232746,57,false,ta8hnikdhdctwuvkj2nl9itix,2023-08-24T12:04:38Z,"r&b français","Jive Epic",0.708,0.788,0,-4.329,1,0.161,0.354,0,0.0869,0.82,92.033,4
spotify:track:4WBDVbKHiNHmFpPLuBHYdu,"Le temps est bon","Le temps est bon","Bon Entendeur;Isabelle Pierre",2018-07-27,210253,47,false,ta8hnikdhdctwuvkj2nl9itix,2023-08-24T12:04:38Z,"pop française indie,house française,pop française","Columbia",0.547,0.698,3,-6.056,1,0.0618,0.0829,0.000271,0.358,0.569,98.142,4
spotify:track:0QgqXBfyGtn1u2RA1Kel2W,"Ce rêve bleu","Aladdin (Bande Originale Française du Film)","Karine Costa;Paolo Domingo",1992-10-27,159706,53,false,ta8hnikdhdctwuvkj2nl9itix,2023-08-24T12:04:38Z,"","Walt Disney Records",0.333,0.206,9,-14.412,0,0.0308,0.772,0,0.113,0.288,85.475,3
spotify:track:3LrOPsejwqPlz5gQyQMJFv,"Raide Dingue De Toi - Radio Edit","G. Squad","G Squad",1996-10-03,192666,30,false,ta8hnikdhdctwuvkj2nl9itix,2023-08-24T12:04:38Z,"r&b français","Ariola",0.794,0.844,1,-1.816,0,0.034,0.0703,0.00000137,0.399,0.944,107.986,4
spotify:track:1U75JbNm3xJtFpIUlHbq5V,"Isabelle je t'aime","Les Annees Barclay","Les Poppys",1998,193666,33,false,ta8hnikdhdctwuvkj2nl9itix,2023-08-24T12:04:38Z,"chanson,variété française","Universal Music Division Barclay",0.555,0.471,2,-9.247,1,0.0305,0.366,0,0.198,0.554,125.164,4
spotify:track:11FBMKhiuYT4doKhC4p3i6,"Comme d'habitude","Hommages","Claude François",1993-01-01,249333,56,false,ta8hnikdhdctwuvkj2nl9itix,2023-08-24T12:04:38Z,"variété française,chanson","Universal Music Division Mercury Records",0.325,0.487,5,-8.512,1,0.0297,0.143,0.00000101,0.288,0.489,85.706,4
spotify:track:1YXH5a44usvJyNKeMt8NMo,"Africa","Africa - EP","Rose Laurens",1982,216125,54,false,ta8hnikdhdctwuvkj2nl9itix,2023-08-24T12:04:38Z,"variété française","Wagram Music",0.838,0.891,2,-8.65,0,0.0355,0.132,0,0.211,0.97,119.478,4
spotify:track:1gy9ExtEsz8AN4hMFm3ozg,"L'amour comme à 16 ans","1973","Marie Laforêt",2020-03-19,194746,38,false,ta8hnikdhdctwuvkj2nl9itix,2023-08-24T12:04:38Z,"chanson,pop française,jazz français,variété française","Universal Music Division Label Panthéon",0.159,0.389,0,-13.516,0,0.0348,0.648,0.000585,0.158,0.363,187.101,3
spotify:track:2kgiIwKbiJk1tKZ8YRg0da,"Le rital","Le rital","Claude Barzotti",1984-01-03,213506,0,false,ta8hnikdhdctwuvkj2nl9itix,2023-08-24T12:04:38Z,"chanson,variété française","BMG Rights Mgmt France SARL",0.517,0.597,2,-12.562,1,0.0899,0.11,0.00000365,0.0855,0.864,122.275,4
spotify:track:0m6Tb3SwFzaEV5PcE2avp4,"Le temps des fleurs","Les Annees Barclay","Dalida",1991-01-01,239133,49,false,ta8hnikdhdctwuvkj2nl9itix,2023-08-24T12:04:38Z,"variété française,chanson","Universal Music Division Barclay",0.317,0.423,4,-5.219,0,0.0276,0.571,0,0.368,0.488,174.704,4
spotify:track:1wthYeOSBWfUYeCqhYcGt0,"Parce qu'on vient de loin","Parce qu'on vient de loin","Corneille",2003,232932,55,false,ta8hnikdhdctwuvkj2nl9itix,2023-08-24T12:04:38Z,"r&b français,variété française,pop française,chanson québécoise,chanson","W LAB",0.756,0.571,11,-6.613,0,0.22,0.107,0.0000552,0.106,0.728,91.977,4
spotify:track:0Z8DRG0HgZJ1bIhCQqyzPo,"Cœur noir","Feed Collector","Eva",2021-02-25,179554,53,false,ta8hnikdhdctwuvkj2nl9itix,2023-08-24T12:04:38Z,"pop urbaine,r&b français","Universal Music Distributed Labels",0.59,0.539,8,-6.229,0,0.0585,0.679,0,0.0896,0.457,87.922,4
spotify:track:14GOypK5KehW4KXSCG9T1Y,"J'aurais voulu te dire","J'aurais voulu te dire","Caroline Legrand",2019-04-12,227065,38,false,ta8hnikdhdctwuvkj2nl9itix,2023-08-24T12:04:38Z,"variété française","Musiques & Solutions",0.751,0.572,11,-8.991,0,0.0282,0.293,0.00065,0.137,0.287,124.197,4
spotify:track:40xyvJDp2caK50dhre26JU,"Donne-moi le temps","Jenifer","Jenifer",2002-01-01,253533,51,false,ta8hnikdhdctwuvkj2nl9itix,2023-08-24T12:04:38Z,"variété française,pop française,chanson","Universal Music Division Mercury Records",0.522,0.446,4,-7.715,0,0.0281,0.605,0,0.0555,0.187,131.977,4
spotify:track:1N4ixxhbBH1ClnPdTTsRzz,"Aline","Aline","Christophe",2013-03-18,169946,0,false,ta8hnikdhdctwuvkj2nl9itix,2023-08-24T12:04:38Z,"variété française,chanson,pop française","Disques Motors",0.274,0.73,0,-3.4,1,0.0332,0.431,0.0000192,0.325,0.519,178.655,3
spotify:track:6Brbc2UE0tfnC07tErI0qo,"Tu ne m'as pas laissé le temps","Un Paradis Un Enfer","David Hallyday",1999,269293,52,false,ta8hnikdhdctwuvkj2nl9itix,2023-08-24T12:04:38Z,"variété française,chanson,pop française","Universal Music Division Label Panthéon",0.333,0.487,9,-8.449,0,0.0282,0.144,0,0.0905,0.338,73.83,4
spotify:track:5hGoZ9Y7VdxuSRqaH13rvK,"Près de moi","Près de toi","Lorie",2001-10-29,222960,0,false,ta8hnikdhdctwuvkj2nl9itix,2023-08-24T12:04:38Z,"variété française,pop française,chanson","Epic",0.639,0.961,5,-4.952,1,0.0305,0.0436,0.0000207,0.272,0.927,104.002,4
spotify:track:41GeHFz9Rga2ZigTfd7UPh,"Un homme et une femme","Un homme et une femme (Original Motion Picture Soundtrack)","Nicole Croisille;Pierre Barouh;Francis Lai",1966-05-27,159853,42,false,ta8hnikdhdctwuvkj2nl9itix,2023-08-24T12:04:38Z,"chanson,variété française,jazz français,bossa nova","Les Films 13",0.612,0.295,11,-7.535,1,0.0364,0.837,0.000188,0.0988,0.275,133.303,3
spotify:track:5wXkbtZO1HsOQ1P75zi35p,"beau-papa","N'attendons pas","Vianney",2020-10-30,197562,57,false,ta8hnikdhdctwuvkj2nl9itix,2023-08-24T12:04:38Z,"variété française,pop française,chanson","Tôt Ou Tard",0.746,0.506,10,-6.016,0,0.0367,0.364,0,0.123,0.486,122.044,4
spotify:track:7BSHykSC5uTxPgcGSCveSN,"Vous êtes fous - Single edit","Vous êtes fous ! (feat. Daddy K)","Benny B;DJ Daddy K",2012-01-01,199040,33,false,ta8hnikdhdctwuvkj2nl9itix,2023-08-24T12:04:38Z,"eurodance","Touch Records",0.893,0.688,10,-15.512,0,0.153,0.344,0.00000339,0.19,0.909,118.247,4
spotify:track:467ctvtA07SWvCmjrE95gw,"La queuleuleu","Bézu chante les plus grands tubes d'ambiance (Le disque d'or de la fête)","Bézu",2006-12-04,251013,0,false,ta8hnikdhdctwuvkj2nl9itix,2023-08-24T12:04:38Z,"","E.G.T",0.72,0.943,11,-4.581,1,0.0413,0.0701,0.000113,0.173,0.938,124.54,4
spotify:track:6PrB4KpvuoYWtwjPC5a44S,"Balader","Sans visa","Soolking;Niska",2022-05-26,176120,62,false,ta8hnikdhdctwuvkj2nl9itix,2023-08-24T12:04:38Z,"rap français,pop urbaine,r&b français,pop marocaine","Universal Music Division Capitol Music France",0.603,0.802,4,-5.089,0,0.111,0.306,0.0000506,0.124,0.787,130.121,4
spotify:track:19faTtoozaabdpDnj1rxZy,"Il me dit que je suis belle","Je Te Dis Vous","Patricia Kaas",1993,321266,50,false,ta8hnikdhdctwuvkj2nl9itix,2023-08-24T12:04:38Z,"variété française,chanson,pop française","Parlophone (France)",0.561,0.442,8,-10.573,1,0.0254,0.264,0.0000112,0.191,0.363,99.978,4
spotify:track:0JcNVnY8njNEI0L5s5quQZ,"Soirée disco","Boris","Boris",1995-09-01,223826,48,false,ta8hnikdhdctwuvkj2nl9itix,2023-08-24T12:04:38Z,"","Black out Records",0.799,0.902,6,-7.193,0,0.0388,0.0321,0.000106,0.32,0.961,139.875,4
spotify:track:1kYi6X7VMmU3rCiE2aWjV1,"Évidemment - Remasterisé en 2004","Babacar (Remasterisé en 2004)","France Gall",1987,206626,53,false,ta8hnikdhdctwuvkj2nl9itix,2023-08-24T12:04:38Z,"variété française,chanson,pop française,house française","Warner (France)",0.628,0.202,6,-15.111,1,0.032,0.76,0.000534,0.105,0.365,108.189,4
spotify:track:11oylU3CgoDq2B6QZlnTmP,"La maison du bonheur","Rentre Chez Toi","Francis Lalanne",1979-01-01,252933,31,false,ta8hnikdhdctwuvkj2nl9itix,2023-08-24T12:04:38Z,"variété française,chanson","Universal Music Division Mercury Records",0.252,0.247,5,-15.547,1,0.032,0.839,0.00268,0.126,0.383,154.571,4
spotify:track:4SUywsuljKsUnFm0sE63Mq,"T'as le look coco - Version originale 1984","T'as le look coco & co, vol. 1 (Best of versions originales, covers et remixes)","Laroche Valmont",2020-09-18,204395,39,false,ta8hnikdhdctwuvkj2nl9itix,2023-08-24T12:04:38Z,"variété française","Musiques & Solutions / M&S",0.947,0.753,6,-7.522,1,0.0667,0.0533,0.264,0.0615,0.965,125.451,4
spotify:track:5A0JnNTjhuvuIQcWD5Pji9,"Parle-moi","Mieux qu'ici-bas","Isabelle Boulay",2000-08-28,226426,49,false,ta8hnikdhdctwuvkj2nl9itix,2023-08-24T12:04:38Z,"chanson québécoise,chanson,variété française,pop québécoise,pop française,rock québécois","Columbia",0.462,0.479,2,-6.597,0,0.0273,0.564,0.00147,0.287,0.217,81.121,4
spotify:track:4xDGY7Tm3burLInzkhlfTi,"A ma place","Personne N'Est Parfait","Axel Bauer;Zazie",2000-01-01,329786,0,false,ta8hnikdhdctwuvkj2nl9itix,2023-08-24T12:04:38Z,"variété française,chanson,pop française,house française","Universal Music S.A.",0.527,0.586,4,-7.648,0,0.026,0.03,0,0.104,0.197,95.874,4
spotify:track:6DFzpa0eHyEkvQ2oeewmA2,"Déjeuner en paix","Engelberg","Stephan Eicher",1991-01-01,236840,58,false,ta8hnikdhdctwuvkj2nl9itix,2023-08-24T12:04:38Z,"variété française,chanson,pop française,house française","Universal Music Division Barclay",0.641,0.824,11,-5.483,0,0.0432,0.0651,0.00000199,0.0928,0.627,126.054,4
spotify:track:6SbQwxU6ZPLqAWAgLx6tdv,"À toutes les filles","Les amours cassées","Didier Barbelivien;Félix Gray",1991-05-01,254720,33,false,ta8hnikdhdctwuvkj2nl9itix,2023-08-24T12:04:38Z,"variété française,chanson,pop française","Onze-Pomme Music",0.586,0.571,9,-9.43,1,0.0409,0.299,0,0.0912,0.893,200.664,4
spotify:track:7AxPQQgyi45H6pxCJPrAWj,"Juste une photo de toi","Mise à jour [nouvelle version 2.0]","M. Pokora",2010,232813,57,false,ta8hnikdhdctwuvkj2nl9itix,2023-08-24T12:04:38Z,"pop française,variété française,r&b français,chanson","Parlophone (France)",0.584,0.735,6,-6.948,1,0.0282,0.0333,0,0.102,0.53,149.989,4
spotify:track:6kaD0ve95sXjnq6EITyVkv,"Tu trouveras","De L' Amour Le Mieux","Natasha St-Pier",2002,298960,54,false,ta8hnikdhdctwuvkj2nl9itix,2023-08-24T12:04:38Z,"variété française,chanson,pop française,chanson québécoise,crossover classique","Columbia",0.557,0.477,3,-8.534,0,0.0445,0.31,0,0.149,0.32,144.396,4
spotify:track:5m4Ck5onFtmtNRndWUHR4A,"Petite Marie - Remastered","Les murs de poussière (Remastered)","Francis Cabrel",1977-09-13,207280,62,false,ta8hnikdhdctwuvkj2nl9itix,2023-08-24T12:04:38Z,"variété française,chanson,pop française,house française","Columbia",0.549,0.391,11,-9.302,0,0.0285,0.585,0,0.159,0.324,127.562,4
spotify:track:0Jh6iWjna1wk5le0Ahn7No,"La vie qu'on mène","Destin","Ninho",2019-03-22,193443,74,false,ta8hnikdhdctwuvkj2nl9itix,2023-08-24T12:04:38Z,"rap français,pop urbaine","Rec. 118 / Mal Luné Music",0.8,0.756,7,-4.4,0,0.0367,0.687,0.00000206,0.111,0.456,113.204,3
spotify:track:463seeNOygIQDoj1W7kGEr,"Sûr et certain","Allez leur dire","Tonton David",1994-01-25,235626,41,false,ta8hnikdhdctwuvkj2nl9itix,2023-08-24T12:04:38Z,"ragga,reggae","Because Music",0.724,0.881,7,-8.133,1,0.0348,0.228,0.000478,0.0641,0.969,144.098,4
spotify:track:05OmZz1tixVBtXMx3cb4oc,"Plus près des étoiles","Le train de mes souvenirs","Gold",1985,237826,61,false,ta8hnikdhdctwuvkj2nl9itix,2023-08-24T12:04:38Z,"variété française,chanson","Warner (France)",0.439,0.843,11,-6.74,0,0.051,0.0114,0,0.252,0.331,116.082,4
spotify:track:6jb9vvG6RVONVxEWhHCnMK,"Si je m'en sors","Fragile","Julie Zenatti",2000-12-04,203800,48,false,ta8hnikdhdctwuvkj2nl9itix,2023-08-24T12:04:38Z,"variété française,pop française,chanson","Columbia",0.368,0.359,11,-10.636,1,0.0342,0.87,0.00000324,0.0913,0.282,141.122,3
spotify:track:0RE4crnT3jRms1xxVlEZx2,"Bad boy","Loud","Marwa Loud",2018-03-09,187844,74,false,ta8hnikdhdctwuvkj2nl9itix,2023-08-24T12:04:38Z,"pop urbaine,r&b français","Purple Money",0.796,0.496,9,-8.165,0,0.0388,0.431,0.00000551,0.0781,0.716,97.988,4
spotify:track:7BBifWmpuPSj4ETSHrWFbx,"J’aurais pas dû","Destins liés","S-Crew",2016-06-17,225040,59,true,ta8hnikdhdctwuvkj2nl9itix,2023-08-24T12:04:38Z,"rap français","Universal Music Division Carthage Music",0.762,0.729,6,-8.076,0,0.0679,0.481,0.000137,0.108,0.482,119.956,4
spotify:track:5s02z5emSBpNkylmEdDq6B,"L'Amour Ca Fait Passer Le Temps","Marcel Amont Chansons Françaises","Marcel Amont",2011-01-01,164400,29,false,ta8hnikdhdctwuvkj2nl9itix,2023-08-24T12:04:38Z,"chanson,variété française,pop française","Universal Music Division Polydor France",0.757,0.436,0,-9.836,1,0.0424,0.372,0,0.162,0.978,98.51,4
spotify:track:7gNlaZaMIjRUfnAYd9Dvmt,"Aristocrate","En esprit","Heuss L'enfoiré",2019-01-25,169733,57,true,ta8hnikdhdctwuvkj2nl9itix,2023-08-24T12:04:38Z,"rap français,pop urbaine","AllPoints",0.935,0.613,1,-6.241,0,0.0662,0.268,0.0000031,0.0956,0.626,116.943,4
spotify:track:5RVxj4kzOBCHqsTPsLFUqY,"Je m'appelle Hélène","Hélène","Helene",1993,229293,27,false,ta8hnikdhdctwuvkj2nl9itix,2023-08-24T12:04:38Z,"indorock,variété française,chanson","Universal Music Division Polydor France",0.636,0.567,8,-6.709,1,0.0263,0.436,0.0159,0.128,0.334,148.049,4
spotify:track:6NvKOWV0UnBPAaO76D4JxS,"Si maman si - Remasterisé en 2004","Dancing Disco (Remasterisé en 2004)","France Gall",1977,178506,54,false,ta8hnikdhdctwuvkj2nl9itix,2023-08-24T12:04:38Z,"variété française,chanson,pop française,house française","Warner (France)",0.512,0.536,7,-8.042,0,0.0295,0.802,0,0.122,0.257,113.056,4
spotify:track:1OeSH6hCcrrjZ5PCCjmCCd,"Beaux Dimanches","Dimanche à Bamako","Amadou & Mariam",2005,211360,43,false,ta8hnikdhdctwuvkj2nl9itix,2023-08-24T12:04:38Z,"afropop","Because Music",0.638,0.699,7,-6.727,1,0.0716,0.427,0.000106,0.992,0.435,108.972,4
spotify:track:0S4dVpqBLnBFj4wdB4UDMd,"Partenaire Particulier","Le son des années 80","Partenaire Particulier",2009-03-06,246440,62,false,ta8hnikdhdctwuvkj2nl9itix,2023-08-24T12:04:38Z,"variété française","Chris Music",0.736,0.927,6,-3.487,0,0.0541,0.678,0.000256,0.217,0.971,156.046,4
spotify:track:2poOtKwdjc39DRNmY6wRV2,"Aux arbres citoyens","Charango","Yannick Noah",2006-10-13,195680,49,false,ta8hnikdhdctwuvkj2nl9itix,2023-08-24T12:04:38Z,"variété française,chanson,pop française","Saint George",0.625,0.85,5,-3.917,0,0.0311,0.0956,0.00000221,0.0579,0.914,140.006,4
spotify:track:2u2tpIotwAUESuld7DPHI5,"Amoureux de ma femme","Chanson d'amour","Richard Anthony",2020-02-14,163306,42,false,ta8hnikdhdctwuvkj2nl9itix,2023-08-24T12:04:38Z,"chanson,variété française,pop française","UME - Global Clearing House",0.605,0.756,7,-6.135,0,0.0351,0.473,0,0.28,0.879,134.444,4
spotify:track:2UXjdnCvgGGIXLrAwCVVQT,"Caravane","Caravane","Raphaël",2005-09-12,206920,65,false,ta8hnikdhdctwuvkj2nl9itix,2023-08-24T12:04:38Z,"variété française,chanson,pop française,house française","Parlophone (France)",0.582,0.648,7,-9.18,1,0.0333,0.71,0.00106,0.0834,0.504,100.021,4
spotify:track:0D5KD7xcOzo4FWYr1pwVDS,"Laisse tomber tes problèmes - Radio Edit","Destination Soleil (Nouvelle Edition)","Collectif Métissé",2011-01-01,196573,46,false,ta8hnikdhdctwuvkj2nl9itix,2023-08-24T12:04:38Z,"","Universal Music Division Polydor France",0.813,0.898,8,-4.706,1,0.126,0.0206,0,0.352,0.774,128.012,4
spotify:track:4USWUIz0DkIU6Qg9TesJkd,"Du rhum, des femmes","Première bordée","Soldat Louis",1988-07-19,179933,39,false,ta8hnikdhdctwuvkj2nl9itix,2023-08-24T12:04:38Z,"rock celtique,musique celtique,variété française,chanson","Sterne",0.592,0.741,7,-4.013,1,0.032,0.25,0,0.215,0.898,130.924,4
spotify:track:4j5Bb0saeXmiz62XIZjcHj,"Mirador","Mirador","Kezah;Freddy Gladieux;Squeezie",2019-06-14,168000,51,false,ta8hnikdhdctwuvkj2nl9itix,2023-08-24T12:04:38Z,"","Balai Steak",0.832,0.747,1,-4.957,0,0.052,0.225,0.00000386,0.0412,0.789,99.986,4
spotify:track:230WQfgxWrDowOttZT7Lhq,"Mon papa à moi est un gangster","Le calibre qu'il te faut","Stomy Bugsy",1996-11-04,361240,46,false,ta8hnikdhdctwuvkj2nl9itix,2023-08-24T12:04:38Z,"rap français,r&b français","Columbia",0.667,0.679,2,-5.369,0,0.323,0.00758,0.00000132,0.8,0.749,80.477,4
spotify:track:33wiaLr4e32Jz9wa3inj9N,"L'été s'ra chaud","22 titres inoubliables","Eric Charden",2022-06-03,284786,25,false,ta8hnikdhdctwuvkj2nl9itix,2023-08-24T12:04:38Z,"pop française,chanson,variété française","Onze-Pomme Music",0.548,0.987,4,-4.778,0,0.139,0.129,0.00000776,0.138,0.451,130.593,4
spotify:track:2nzxJMkdF3B1KiEDyP1ECQ,"Fan","Studio Fan Live Fan","Pascal Obispo",2004-06-16,268960,46,false,ta8hnikdhdctwuvkj2nl9itix,2023-08-24T12:04:38Z,"variété française,chanson,pop française,house française","PO Productions",0.575,0.644,7,-6.993,0,0.0351,0.0192,0,0.133,0.21,120.028,4
spotify:track:1ofu2qOdm9LN8TGXd003Kj,"Femme libérée","Femme Libérée","Cookie Dingler",1984-01-01,221440,58,false,ta8hnikdhdctwuvkj2nl9itix,2023-08-24T12:04:38Z,"variété française","Onze-Pomme Music",0.858,0.834,10,-7.064,1,0.0597,0.436,0,0.102,0.848,133.212,4
spotify:track:4ZpIuzx91EAPK3VimONbfB,"FADE UP","FADE UP","ZEG P;Hamza;SCH",2022-06-24,219187,62,true,ta8hnikdhdctwuvkj2nl9itix,2023-08-24T12:04:38Z,"rap français,pop urbaine,r&b français","On Da Trax",0.758,0.599,4,-5.99,0,0.0877,0.57,0.00000113,0.129,0.557,129.96,4
spotify:track:0qnN7RceovLP58nCY0fdME,"Si j'étais un homme","En flèche","Diane Tell",1980-11-01,289013,50,false,ta8hnikdhdctwuvkj2nl9itix,2023-08-24T12:04:38Z,"variété française,chanson québécoise,chanson,pop française","Tuta Music",0.396,0.427,6,-8.908,1,0.0362,0.78,0,0.185,0.13,134.686,4
spotify:track:42HjHt6XrjDuYooyaHIIR5,"Si tu vas à Rio","Si Tu Vas A Rio","Dario Moreno",1988-01-01,145640,29,false,ta8hnikdhdctwuvkj2nl9itix,2023-08-24T12:04:38Z,"rock anatolien","Universal Music Division Mercury Records",0.583,0.766,5,-7.522,1,0.048,0.825,0,0.238,0.965,126.462,4
spotify:track:0Kr57gzJjexm8TF0l0JPLD,"J'aime la vie","J'aime la vie (Expanded Edition)","Sandra Kim",1986-01-01,184794,44,false,ta8hnikdhdctwuvkj2nl9itix,2023-08-24T12:04:38Z,"","Musiques & Solutions / M&S",0.593,0.663,2,-9.954,1,0.0322,0.408,0,0.126,0.728,139.159,4
spotify:track:2QxpVhguEv67Lwlf3wwltb,"Les rois du monde - Roméo & Juliette, Les enfants de Vérone","Roméo Et Juliette, Les enfants de Vérone","Damien Sargue;Cyril Niccolaï;John Eyzen",2009-12-11,205440,61,false,ta8hnikdhdctwuvkj2nl9itix,2023-08-24T12:04:38Z,"variété française,chanson","SME Strategic Marketing Group",0.747,0.729,8,-4.766,1,0.0285,0.168,0,0.217,0.866,115.084,4
spotify:track:1uFWyT4KLFXisiVkiBPCTb,"L'Aziza","Sauver l'amour (Remastered)","Daniel Balavoine",1985-10-01,260587,62,false,ta8hnikdhdctwuvkj2nl9itix,2023-08-24T12:04:38Z,"variété française,chanson,house française,pop française","Universal Music Division Barclay",0.671,0.769,0,-9.432,0,0.0298,0.186,0.000136,0.175,0.584,123.625,4
spotify:track:3PkVPI5Qj87BCyNBUQ2pJB,"Toutes les femmes de ta vie","L5","L5",2001-01-01,195266,53,false,ta8hnikdhdctwuvkj2nl9itix,2023-08-24T12:04:38Z,"variété française,r&b français","Universal Music Division Label Fontana Distribution Deal",0.703,0.936,9,-2.43,0,0.09,0.096,0,0.132,0.79,99.033,4
spotify:track:4C35Lg12ds8zzh0vLhkAfd,"Mon homme","Du Caf' Conc' au Music Hall","Mistinguett",1991,192160,30,false,ta8hnikdhdctwuvkj2nl9itix,2023-08-24T12:04:38Z,"jazz français,chanson","Parlophone (France)",0.455,0.173,10,-19.015,1,0.0772,0.935,0,0.6,0.542,95.784,4
spotify:track:5xacwJHf9yLJKCn5JjSiRz,"Santiano","Santiano","Hugues Aufray",1990-01-01,132533,49,false,ta8hnikdhdctwuvkj2nl9itix,2023-08-24T12:04:38Z,"chanson,variété française","Fontana",0.719,0.312,2,-11.079,1,0.0446,0.808,0,0.109,0.829,129.047,4
spotify:track:2MYrLPQkD8XcOiDKlscgHR,"Mon Everest (feat. Marina Kaye)","L'Everest (Deluxe Edition)","Soprano;Marina Kaye",2016-10-14,268253,53,false,ta8hnikdhdctwuvkj2nl9itix,2023-08-24T12:04:38Z,"rap français,chanson,pop française,r&b français,pop urbaine,variété française","Rec. 118",0.731,0.666,5,-5.184,0,0.0401,0.206,0,0.12,0.144,119.929,4
spotify:track:2qHYEIBD2g14bOT2YkZ2Ye,"L'amour à la machine","C'est déjà ça","Alain Souchon",1993-10-05,226800,52,false,ta8hnikdhdctwuvkj2nl9itix,2023-08-24T12:04:38Z,"variété française,chanson,pop française,house française","Parlophone (France)",0.656,0.822,0,-10.066,1,0.0276,0.103,0.000145,0.297,0.834,98.011,4
spotify:track:4ciRwt5dGHKKm8Et8r1xJ0,"Hier encore","Que c'est triste Venise (Remastered 2014)","Charles Aznavour",1964,143466,0,false,ta8hnikdhdctwuvkj2nl9itix,2023-08-24T12:04:38Z,"chanson,variété française,jazz français","Universal Music Division Barclay",0.276,0.422,2,-9.341,0,0.0502,0.814,0,0.321,0.43,64.247,4
spotify:track:5068IJEz3vdwLFRH5iWlmW,"Pom pom pom","Pom pom pom","projet facteur x²",2004,252226,42,false,ta8hnikdhdctwuvkj2nl9itix,2023-08-24T12:04:38Z,"","Tori Publishing",0.875,0.594,4,-4.8,0,0.11,0.371,0,0.0548,0.891,120.062,5
spotify:track:1cmuoWb5txCMqd3CmRMfvU,"Elle est d'ailleurs","Elle est d'ailleurs","Pierre Bachelet",1980-06-01,238040,61,false,ta8hnikdhdctwuvkj2nl9itix,2023-08-24T12:04:38Z,"variété française,chanson,pop française","Sony Music Catalog",0.34,0.486,1,-5.847,1,0.0277,0.672,0,0.0592,0.323,72.824,4
spotify:track:2UDZRYieIpkwBcguZuxXRc,"Libérée, Délivrée - French Version","Let It Go The Complete Set (From “Frozen”)","Anaïs Delva",2014-01-01,224093,0,false,ta8hnikdhdctwuvkj2nl9itix,2023-08-24T12:04:38Z,"","Walt Disney Records",0.599,0.428,8,-7.353,1,0.0336,0.796,0,0.133,0.284,136.938,4
spotify:track:11G8CE8y5M0t3n0r7FrppK,"La goffa Lolita","Libertà Lolita !","Vincè la petite culotte",2022-11-04,221149,50,false,ta8hnikdhdctwuvkj2nl9itix,2023-08-24T12:04:38Z,"","Parlophone (France)",0.624,0.944,9,-5.723,0,0.173,0.00506,0,0.313,0.362,130.092,4
spotify:track:34cT8Qvq2IYoqCQ3dlNvrW,"Mangez-moi ! Mangez-moi ! - Ragga Mix","Billy Ze Kick Et Les Gamins En Folie","Billy Ze Kick et Les Gamins En Folie",1994-01-01,232333,46,false,ta8hnikdhdctwuvkj2nl9itix,2023-08-24T12:04:38Z,"variété française","Universal Music Division Mercury Records",0.675,0.523,7,-13.489,1,0.126,0.202,0,0.313,0.883,89.759,4
spotify:track:3X9XJLwQPWqRnsNaL9z6ss,"Trois nuits par semaine","3","Indochine",1985-12-10,312533,59,false,ta8hnikdhdctwuvkj2nl9itix,2023-08-24T12:04:38Z,"variété française,chanson,pop française","Indochine Records",0.74,0.783,9,-13.726,0,0.0292,0.0176,0.000645,0.0877,0.906,137.292,4
spotify:track:3I4ecHrrMuD8FFfFCVy4g5,"Un autre monde - Remasterisé en 2015","Un autre monde (Remasterisé en 2015)","Téléphone",1984-05-07,273920,56,false,ta8hnikdhdctwuvkj2nl9itix,2023-08-24T12:04:38Z,"variété française,chanson,pop française","Parlophone (France)",0.531,0.737,2,-6.975,1,0.0386,0.126,0.00765,0.0756,0.279,142.215,4
spotify:track:7mNErWes3YegbRLgZuILl5,"Dernière danse","Le chemin","Kyo",2003,227733,65,false,ta8hnikdhdctwuvkj2nl9itix,2023-08-24T12:04:38Z,"variété française,pop française,chanson","Jive",0.389,0.675,5,-7.237,1,0.0336,0.124,0.0000197,0.376,0.483,172.02,4
spotify:track:2mLFPvKfZ6LI9NaAtFDyUL,"L'encre de tes yeux - Remastered","Fragile (Remastered)","Francis Cabrel",1980,187866,61,false,ta8hnikdhdctwuvkj2nl9itix,2023-08-24T12:04:38Z,"variété française,chanson,pop française,house française","Columbia",0.388,0.297,4,-11.057,1,0.0335,0.573,0,0.184,0.329,73.87,1
spotify:track:3LCup59DMpM3r6fwQsZMYs,"Paris Latino - Original Version 1983","Best of Bandolero (Le meilleur des années 80)","Bandolero",2011-01-01,243560,58,false,ta8hnikdhdctwuvkj2nl9itix,2023-08-24T12:04:38Z,"disco italienne","Musiques & Solutions",0.749,0.687,11,-8.547,0,0.128,0.124,0.0124,0.0762,0.683,114.981,4
spotify:track:2Dk2RtmsXPjhHEa8OAp684,"J'entends siffler le train","tous ses succes","Richard Anthony",1989-07-06,203640,45,false,ta8hnikdhdctwuvkj2nl9itix,2023-08-24T12:04:38Z,"chanson,variété française,pop française","Parlophone (France)",0.424,0.282,9,-12.909,1,0.0281,0.957,0.000194,0.109,0.363,103.165,4
spotify:track:7ixCRBD0FZMRBeOBhTu2KD,"La grenade","Sainte-Victoire","Clara Luciani",2018-04-06,194493,63,false,ta8hnikdhdctwuvkj2nl9itix,2023-08-24T12:04:38Z,"pop française,variété française,pop française indie,chanson,house française","Universal Music Division Romance Musique",0.724,0.697,11,-6.594,0,0.0539,0.138,0.000717,0.126,0.961,130.014,4
spotify:track:2bNtWTLdqUGhLZqWUGPNvK,"Je la connais","Anarchie","SCH",2016-05-20,219533,67,true,ta8hnikdhdctwuvkj2nl9itix,2023-08-24T12:04:38Z,"rap français,pop urbaine","Universal Music Division Capitol Music France",0.844,0.683,2,-6.496,1,0.043,0.48,0.00778,0.0851,0.327,132.018,4
spotify:track:3N9Vibj1SwLn4SRtWJVDVO,"Ma préférence","Jaloux","Julien Clerc",1978-02-02,206866,56,false,ta8hnikdhdctwuvkj2nl9itix,2023-08-24T12:04:38Z,"chanson,variété française,pop française","Parlophone (France)",0.562,0.41,1,-7.51,1,0.0253,0.764,0.000353,0.0773,0.29,97.782,4
spotify:track:4nz1v2ghmGRo3RTZKxaC3P,"Face à la mer","Calog3ro","Calogero;Passi",2004,223333,59,false,ta8hnikdhdctwuvkj2nl9itix,2023-08-24T12:04:38Z,"variété française,chanson,pop française,house française,rap français,r&b français","Universal Music Division Barclay",0.474,0.786,5,-6.115,0,0.0496,0.0076,0.000446,0.311,0.665,186.033,4
spotify:track:4uQxkfZ5bbS5v0Ad4i6Ogo,"Tomber Dans Ses Yeux","1789, Les Amants De La Bastille","The Paris Cast Of 1789, Les Amants De La Bastille;Louis Delort;Camille Lou",2012-01-01,168440,42,false,ta8hnikdhdctwuvkj2nl9itix,2023-08-24T12:04:38Z,"comédies musicales,variété française","Universal Music Division Mercury Records",0.431,0.45,4,-7.962,0,0.0292,0.0148,0,0.26,0.206,146.938,3
spotify:track:2La21GqU4fKTQLcfLxTeoz,"Agitations tropicales","Odyssée - EP","L'Impératrice",2015-10-12,248892,68,false,ta8hnikdhdctwuvkj2nl9itix,2023-08-24T12:04:38Z,"pop française indie,house française,pop française","microqlima",0.76,0.401,1,-9.537,0,0.0674,0.564,0.259,0.0977,0.619,115.989,4
spotify:track:2I6beGAMFYryiTpCPAk3uM,"Parle à ma main (feat. Yelle et Christelle)","Parle à ma main (Radio Edit)","Fatal Bazooka;Yelle et Christelle",2007-10-15,220066,4,false,ta8hnikdhdctwuvkj2nl9itix,2023-08-24T12:04:38Z,"","Up Music/WM France",0.958,0.783,1,-5.961,1,0.192,0.558,0,0.639,0.961,124.042,4
spotify:track:5z6ZuTYGng1F8ocC5aODgC,"Je ne sais pas","Sur mes gardes","Joyce Jonathan",2010,217693,53,false,ta8hnikdhdctwuvkj2nl9itix,2023-08-24T12:04:38Z,"pop française,variété française,chanson","My Major Company",0.816,0.456,2,-8.932,1,0.104,0.303,0,0.149,0.866,119.994,4
spotify:track:3UbjLaV37WezwuvT2pdsIL,"Pour le plaisir","Best of Herbert Léonard","Herbert Léonard",2014-09-08,228360,45,false,ta8hnikdhdctwuvkj2nl9itix,2023-08-24T12:04:38Z,"variété française,chanson,pop française","SMART",0.644,0.667,11,-7.84,1,0.0407,0.68,0.00343,0.0744,0.593,105.301,4
spotify:track:58FtNfnN5RrJ1ybhWntYuJ,"PS : Je t'aime","PS : Je t'aime","Christophe Willem",2022-04-05,173440,41,false,ta8hnikdhdctwuvkj2nl9itix,2023-08-24T12:04:38Z,"variété française,pop française,chanson","RCA Group",0.891,0.591,11,-6.11,0,0.0539,0.0122,0.00000404,0.148,0.666,119.981,4
spotify:track:178zd1WV9MN2rVab2TsfDE,"Stupeflip vite !!!","The Hypnoflip Invasion","Stupeflip;Cadillac",2011-07-20,278280,0,false,ta8hnikdhdctwuvkj2nl9itix,2023-08-24T12:04:38Z,"rap français","Etic System",0.613,0.92,6,-2.208,1,0.29,0.0478,0.0617,0.739,0.464,99.975,4
spotify:track:5DqEz7i72Q8q3AnZzxII8A,"Soulman","Ben L'Oncle Soul","Ben L'Oncle Soul",2010-01-01,223000,58,false,ta8hnikdhdctwuvkj2nl9itix,2023-08-24T12:04:38Z,"indie soul","Universal Music Division Decca Records France",0.693,0.679,3,-5.382,1,0.0309,0.0913,0,0.343,0.884,107.128,4
spotify:track:5L3i9murWmBM62XVDV9JDk,"Logobitombo (Corde à sauter)","Le retour du dernier de la classe","Moussier Tombola",2012-10-22,208986,51,false,ta8hnikdhdctwuvkj2nl9itix,2023-08-24T12:04:38Z,"","XKS",0.858,0.849,4,-3.008,0,0.242,0.00752,0,0.383,0.657,139.993,4
spotify:track:4FmiciU3ZmfgABlbCSXcWw,"La vie en rose","de l'accordeoniste a milord","Édith Piaf",1986,186973,60,false,ta8hnikdhdctwuvkj2nl9itix,2023-08-24T12:04:38Z,"chanson,variété française,jazz français","Capitol Records",0.39,0.302,8,-8.687,1,0.0321,0.984,0,0.0871,0.422,82.52,4
spotify:track:78OdnOhPOk19xYhGAKgjCO,"La belle vie","Sacha Distel: Crooner","Sacha Distel",2014-11-15,123053,61,false,ta8hnikdhdctwuvkj2nl9itix,2023-08-24T12:04:38Z,"chanson,variété française,jazz français","Prosadis",0.198,0.401,7,-9.067,0,0.032,0.789,0,0.33,0.251,76.002,4
spotify:track:1yY1yMkoDuKtQTyL3vMvIT,"Coups et blessures","Long courrier (Edition Deluxe)","BB Brunes",2012-09-21,234934,60,false,ta8hnikdhdctwuvkj2nl9itix,2023-08-24T12:04:38Z,"variété française,pop française,chanson,house française","Warner (France)",0.711,0.807,8,-6.373,1,0.0292,0.000793,0.117,0.293,0.639,119.973,4
spotify:track:1Uc8TiFZ00SR8fszdqeuhh,"Laisse-moi vivre ma vie","Les chansons mythiques des années 70","Frédéric François",2006-11-20,207240,21,false,ta8hnikdhdctwuvkj2nl9itix,2023-08-24T12:04:38Z,"chanson,variété française","MBM Records",0.464,0.607,4,-9.663,1,0.0303,0.0199,0.000363,0.232,0.407,77.99,4
spotify:track:22INAzPLnauFoKjjiuB8Je,"Tant besoin de toi","Comme Il Se Doit","Marc Antoine",2008-04-25,218000,52,false,ta8hnikdhdctwuvkj2nl9itix,2023-08-24T12:04:38Z,"r&b français,zouk,variété française","Parlophone (France)",0.592,0.724,9,-5.274,1,0.0409,0.242,0,0.0922,0.595,81.751,4
spotify:track:7Hy0CZtFcREucLDXB5jp6m,"L'oiseau et l'enfant","Sentimentale","Marie Myriam",1988-03-15,183413,47,false,ta8hnikdhdctwuvkj2nl9itix,2023-08-24T12:04:38Z,"chanson,variété française","Laureen Music",0.742,0.241,2,-14.751,1,0.0349,0.846,0,0.101,0.335,102.857,4
spotify:track:5lgjlZSujTErTw7FUoCxj9,"Lucie","Superflu","Pascal Obispo",1996-10-29,255573,52,false,ta8hnikdhdctwuvkj2nl9itix,2023-08-24T12:04:38Z,"variété française,chanson,pop française,house française","PO Productions",0.524,0.219,7,-13.314,0,0.0346,0.934,0.0000171,0.139,0.248,133.42,4
spotify:track:3rwMnxm6pSGxKVFs1AXwJg,"Rayon de soleil","En Corps Etranger","William Baldé",2008-06-23,215800,48,false,ta8hnikdhdctwuvkj2nl9itix,2023-08-24T12:04:38Z,"variété française","Warner (France)",0.761,0.756,2,-6.599,1,0.056,0.194,0.00000309,0.0705,0.715,145.021,4
spotify:track:4FpA7X9xYFYHVvhmTgcJhb,"Le poinçonneur des Lilas","Du chant à la une !","Serge Gainsbourg",1958-01-01,163106,44,false,ta8hnikdhdctwuvkj2nl9itix,2023-08-24T12:04:38Z,"chanson,variété française,pop française,jazz français,house française","Universal Music Division Mercury Records",0.56,0.372,4,-14.446,0,0.179,0.698,0,0.198,0.773,158.217,4
spotify:track:6m0s4XFYpE1h63NaP6hBA9,"Elle était si jolie","Ma vie","Alain Barrière",1980,175413,46,false,ta8hnikdhdctwuvkj2nl9itix,2023-08-24T12:04:38Z,"chanson,variété française","Sony Music Entertainment",0.419,0.391,5,-9.189,0,0.028,0.818,0,0.104,0.202,102.346,4
spotify:track:7jVHD6NiChZGX887WrNBrH,"L'amour l'amour l'amour","L'amour, l'amour, l'amour - Le meilleur de Mouloudji","Mouloudji",1988-04-07,181240,46,false,ta8hnikdhdctwuvkj2nl9itix,2023-08-24T12:04:38Z,"chanson,pop française indie,variété française,pop française,house française","Sony Music Entertainment",0.345,0.237,2,-12.857,0,0.0336,0.798,0.0878,0.276,0.383,76.223,4
spotify:track:5vuh4FAd5apHmhD85XJOyH,"Du côte de chez Swann","Dave","Dave",1975-01-15,180200,51,false,ta8hnikdhdctwuvkj2nl9itix,2023-08-24T12:04:38Z,"chanson,variété française","Versailles",0.375,0.668,6,-7.11,0,0.0353,0.559,0,0.0566,0.627,113.962,4
spotify:track:5jWaYdEILLzuElA854tfXV,"Une belle histoire","Fais comme l'oiseau","Michel Fugain;Le Big Bazar",1972-01-01,194853,0,false,ta8hnikdhdctwuvkj2nl9itix,2023-08-24T12:04:38Z,"chanson,variété française,pop française","BMG Rights Mgmt France SARL",0.394,0.454,9,-12.745,0,0.0398,0.458,0,0.177,0.658,166.288,4
spotify:track:4iNPp0BZ4lBu7bipdWLcWk,"Avant toi","VersuS","Vitaa;Slimane",2019-08-22,223800,63,false,ta8hnikdhdctwuvkj2nl9itix,2023-08-24T12:04:38Z,"r&b français,pop française,variété française,chanson","Universal Music Division Capitol Music France",0.63,0.396,10,-9.162,1,0.0334,0.875,0,0.1,0.246,142.046,4
spotify:track:0QZOK0XGSvAMgUgWkq1Wkc,"Nous (Donna Donna Mia)","Nous","Hervé Vilard",2004-01-01,215533,46,false,ta8hnikdhdctwuvkj2nl9itix,2023-08-24T12:04:38Z,"chanson,variété française","Universal Music Division Capitol Music France",0.664,0.502,6,-12.582,0,0.0459,0.181,0,0.124,0.551,119.344,4
spotify:track:4Ap8mBgPL2KLjJ9Msyr809,"Li Tourner - Radio Edit","Li Tourner 2013 (Radio Edit)","DJ Assad;Alain Ramanisum & Willy William",2013,218391,52,false,ta8hnikdhdctwuvkj2nl9itix,2023-08-24T12:04:38Z,"","Scorpio Music",0.627,0.96,7,-2.974,1,0.0609,0.0128,0,0.298,0.864,130,4
spotify:track:7FtAEu95rpS5avt2KorqLG,"Ah... Si tu pouvais fermer ta gueule...","Ah... Si tu pouvais fermer ta gueule","Patrick Sébastien",2008-09-22,231373,42,true,ta8hnikdhdctwuvkj2nl9itix,2023-08-24T12:04:38Z,"","Universal Music Division Polydor France",0.715,0.571,5,-5.741,1,0.0334,0.496,0,0.87,0.805,109.86,1
spotify:track:00MAbvzN4rGYyUetCmTVnU,"On va s'aimer","On va s'aimer","Gilbert Montagné",2023-01-30,245346,21,false,ta8hnikdhdctwuvkj2nl9itix,2023-08-24T12:04:38Z,"variété française,chanson","UME - Global Clearing House",0.741,0.809,9,-5.183,0,0.034,0.228,0,0.311,0.822,131.42,4
spotify:track:5Z2h9F8vQPporYJmAHUPQd,"4 mots sur un piano","Si on chantait plus fort","Patrick Fiori;Jean-Jacques Goldman;Christine Ricol",2005-09-26,260986,55,false,ta8hnikdhdctwuvkj2nl9itix,2023-08-24T12:04:38Z,"variété française,chanson,pop française,house française","RCA Records Label",0.464,0.503,5,-6.05,1,0.0325,0.678,0.00000186,0.0837,0.0955,147.707,4
spotify:track:6bWCSMKgyxe2HZz80hFnTD,"L'idole des jeunes","L'idole des jeunes","Johnny Hallyday",1963-04-09,148093,41,false,ta8hnikdhdctwuvkj2nl9itix,2023-08-24T12:04:38Z,"variété française,chanson,pop française","Universal Music Division Mercury Records",0.415,0.361,2,-10.289,1,0.037,0.848,0,0.153,0.538,113.752,1
spotify:track:72L2GjI2U9S0UIig6bu0BK,"J'arrive","Les femmes idéales","Ben Mazué",2018-11-09,193826,28,false,ta8hnikdhdctwuvkj2nl9itix,2023-08-24T12:04:38Z,"pop française,variété française,chanson,house française,pop française indie","Columbia",0.722,0.38,11,-9.597,0,0.0625,0.53,0,0.0617,0.388,136.006,4
spotify:track:67uINkj49Zoh1fhIZvA4fk,"Dans mes bras","Mi Vida (Edition de Noël)","Kendji Girac;Dadju",2021-11-11,196480,57,false,ta8hnikdhdctwuvkj2nl9itix,2023-08-24T12:04:38Z,"pop française,variété française,chanson,r&b français,pop urbaine,rap français","Universal Music Division Island Def Jam",0.515,0.542,3,-6.638,1,0.0922,0.289,0,0.0934,0.744,91.129,4
spotify:track:5IpgXFFwZP20UeG7JXg5SP,"Éblouie par la nuit","Zaz","Zaz",2010-05-10,163306,58,false,ta8hnikdhdctwuvkj2nl9itix,2023-08-24T12:04:38Z,"chanson,pop française,jazz français","Parlophone (France)",0.608,0.47,6,-6.493,0,0.0662,0.657,0.000216,0.0802,0.672,74.838,4
spotify:track:0gSvEcIBXqiYqomjp6hKHj,"Le chant des sirènes","Fréro Delavega","Fréro Delavega",2014-01-01,178986,66,false,ta8hnikdhdctwuvkj2nl9itix,2023-08-24T12:04:38Z,"variété française,pop française,chanson","Universal Music Division Capitol Music France",0.73,0.474,7,-9.537,1,0.0351,0.669,0.0000285,0.099,0.625,123.895,4
spotify:track:7IlmHApoMCIv39Z5JRZyrk,"Battez-vous","Et vous, tu m'aimes ?","Brigitte",2011-04-18,243758,52,false,ta8hnikdhdctwuvkj2nl9itix,2023-08-24T12:04:38Z,"chanson,pop française,house française,variété française,pop française indie","Wagram Music / 3ème Bureau",0.628,0.645,0,-7.389,1,0.0553,0.0426,0.0000382,0.108,0.622,122.072,4
spotify:track:3o9FyxQbCzMsyPLwcr0RIK,"Bruxelles","Bruxelles","Boulevard des Airs",2016-11-18,188626,57,false,ta8hnikdhdctwuvkj2nl9itix,2023-08-24T12:04:38Z,"variété française,pop française,chanson","Columbia",0.691,0.855,3,-5.718,1,0.0496,0.0108,0,0.0399,0.683,119.961,4
spotify:track:1CZhBTFvDRUwdywXaTdeIz,"L'île aux enfants","L'île aux enfants (Casimir) - Single","Anne Germain",1974,140506,33,false,ta8hnikdhdctwuvkj2nl9itix,2023-08-24T12:04:38Z,"","Sony/ATV Music Publishing",0.535,0.583,7,-7.363,1,0.0473,0.395,0,0.609,0.761,126.705,4
